minorType_id|language_id|key|value
T4-1|nb|<name>|Blåbærskog
T4-1|nb|Fysiognomi|Oftest skyggefulle skoger sterkt preget av blåbærdominans og på litt mer næringsrik grunn samt i mer oseaniske og fjellnære strøk også småbregner. Typisk er et sammenhengende mosedekke i bunnen, på fuktmark helt dominert av torvmoser. Arealmessig viktigst er granskog med sparsomt innslag av boreale lauvtrær. I BN også representert med eikeskog og bøkeskog, mens bjørkeskog dominerer store arealer i NB og landsdeler utenfor granas utbredelsesområde. Der kan også furu være dominant.
T4-1|nb|Økologisk karakteristikk|Feltsjiktet omfatter et begrenset antall arter med dominans av blåbær, og med tyttebær, smyle og noen få andre nøysomme arter. Forekommer på kalkfattig berggrunn, ulike eksposisjons- og helningsforhold og et jordsmonn som kjennetegnes av et velutviklet podsolprofil med råhumuslag øverst og som holder en relativt stabil fuktighet.
T4-1|nb|Terreng- og flyfotokarakteristikk|Alle terrengposisjoner, men mer frekvent i flate, jevnt hellende eller konkave terrengposisjoner enn i opplendte, mer grunnlendte partier. FF: Dominerende treslag og tresjiktstetthet er styrende for gjenkjenning i flyfoto, tekstur varierende. Farge mørkt grønn i granskog, lys grønn i løvskog, grønn-grå i furuskog. Tekstur og farge ofte konsistent innen regioner.
T4-1|en|<name>|Lime-poor submesic forest
T4-1|en|Physiognomy|Most often shady forests strongly characterized by blueberry dominance and on slightly more nutrient-rich soil as well as in more oceanic and mountainous areas also small ferns. Typically, a continuous moss cover is at the bottom, on wetlands completely dominated by peat bogs. Most important in terms of area is spruce forest with a sparse element of boreal deciduous trees. In BN also represented with oak forest and beech forest, while birch forest dominates large areas in NB and parts of the country outside the spruce distribution area. Pine can also be dominant.
T4-1|en|Ecological characteristics|Field layer includes a limited number of species dominated by blueberries, and cranberries, wavy hair grass and a few other frugal species. Occurs on calcareous bedrock, various exposure and slope conditions and a soil that is characterized by a well-developed podsol profile with a layer of raw humus at the top and which maintains a relatively stable moisture.
T4-1|en|Terrain and aerial photo characteristics|All terrain positions, but more frequently in flat, evenly sloping or concave terrain positions than in upland, more shallow sections. FF: Dominant wood species and wood layer density are governing for recognition in aerial photography, texture varies. Color dark green in spruce forest, light green in deciduous forest, green-gray in pine forest. Texture and color often consistent within regions.
T4-10|nb|<name>|Svak lyng-lågurtskog
T4-10|nb|Fysiognomi|Oftest halvåpne skoger hvor røsslyng vanligvis spiller en svært viktig rolle. Bunnsjiktet er dominert av reinlaver i de mest kontinentale strøkene, andelen mose øker mot mer oseaniske strøk. Furu er dominerende treslag i mesteparten av landet. I BN, særlig på Sørlandet, kan eik være et viktig innslag. Oftest ren bjørkeskog opp mot fjellet. Små og saktevoksende granindivider kan finnes i denne kartleggingsenheten.
T4-10|nb|Økologisk karakteristikk|Artsfattig feltsjikt, typisk dominert av tørketolerante arter, i tillegg til røsslyng også bærlyng-arter. Furumose er viktigste moseart og dominerer ofte på veldrenert mark, mens furutorvmose er viktigste dominant på fuktmark. Heigråmose spiller stor rolle og er dominerende mengdeart i oseaniske strøk. Lys og grå reinlav er karakteristiske innslag i bunnsjiktet. Kartleggingsenheten er knyttet til relativt kalkfattig og tørkeutsatt grunn, men kalkinnholdet er høyere enn i lyngskog. Dette gir seg utslag i at det sammenliknet med denne kartleggingsenheten kommer inn noen få, spredte, litt mer kalkkrevende arter. Jordsmonnet er et podsolprofil, men dette er ikke velutviklet på svæt tynt jordsmonn.
T4-10|nb|Terreng- og flyfotokarakteristikk|Opptrer under ulike eksposisjons- og helningsforhold, men særlig veldrenerte flater, rygger og toppområder. Kan dekke størresammenhengende områder på breelv- og elveavsetninger. Fargen varierer avhengig av dominerende treslag og tresjiktstetthet, men oftest med grønn-brun farge i skogglenner. Fargen gråner med høyere innslag av lyse lav eller heigråmose. Tekstur ofte varierende. Tekstur og farge ofte konsistent innen regioner.
T4-10|en|<name>|Intermediately lime-rich subxeric forest
T4-10|en|Physiognomy|Most often semi-open forests where heather usually plays a very important role. The bottom layer is dominated by reindeer lichens in the most continental areas, the proportion of moss increases towards more oceanic areas. Pine is the dominant tree species in most of the country. In BN, especially in Sørlandet, oak can be an important element. Most often pure birch forest up towards the mountain. Small and slow-growing spruce individuals can be found in this mapping unit.
T4-10|en|Ecological characteristics|Species-poor field layer, typically dominated by drought-tolerant species, in addition to heather also berry heather species. Pine moss is the most important moss species and often dominates on well-drained soil, while pine peat moss is most dominant on moist soil. Heigråmose plays a major role and is the dominant abundant species in oceanic areas. Light and gray reindeer lichen are characteristic elements in the bottom layer. The mapping unit is associated with relatively low-calcium and drought-prone soil, but the lime content is higher than in heather forest. This is reflected in the fact that, compared with this mapping unit, a few, scattered, slightly more lime-demanding species enter. The soil is a podsol profile, but this is not well developed on sweaty thin soil.
T4-10|en|Terrain and aerial photo characteristics|Occurs under different exposure and slope conditions, but especially well-drained surfaces, ridges and top areas. Can cover large contiguous areas on glacier and river deposits. The color varies depending on the dominant tree species and wood layer density, but most often with green-brown color in forest clearings. The color turns gray with higher elements of light lichen or heather gray moss. Texture often varying. Texture and color often consistent within regions.
T4-11|nb|<name>|Lyng-lågurtskog
T4-11|nb|Fysiognomi|Oftest halvåpne skoger hvor lyngpreget fra mer kalkfattige skoger med tilsvarende uttørkingsutsatthet er erstattet av et frodigere preg med urter og gras. Bunnsjiktet er dominert av reinlaver i de mest kontinentale strøkene; andelen mose øker mot mer oseaniske strøk. Furu er det dominerende treslaget i mesteparten av landet. I BN, særlig på Sørlandet, kan også eik være et viktig innslag. Oftest ren bjørkeskog opp mot fjellet.
T4-11|nb|Økologisk karakteristikk|Omfatter den tørrere og minst kalkrike delen av det som tradisjonelt betegnes kalkfuruskog; dvs. middels kalkrik furuskog med innslag av tørketålende lågurter. Forekomst av sterke kalkindikatorer, gjerne orkideer, mangler i lyng-lågurtskogen. Finnes ofte på lettforvitrede bergarter som amfibolitt, larvikitt, gabbro, basalt, rombeporfyr, gjerne på varme steder. Forekomster av lågurtfuruskog utenfor kalkområdene er ofte betinget av svak sigevannspåvirkning (sesongfuktig).
T4-11|nb|Terreng- og flyfotokarakteristikk|Opptrer under ulike eksposisjons- og helningsforhold, men særlig på rygger og toppområder. Farge i flyfoto varierer avhengig av dominerende treslag og tresjiktstetthet, men ofte med lys grønn til grønn-brun farge i åpne partier. Dominans av moser og lyng gir mørkere farge. Fargen gråner med høyere innslag av lyse lav eller heigråmose. Tekstur ofte varierende. Tekstur og farge konsistent innen regioner.
T4-11|en|<name>|Moderately lime-rich subxeric forest
T4-11|en|Physiognomy|Most often semi-open forests where the heather character of more calcareous forests with similar dehydration exposure has been replaced by a more lush character with herbs and grass. The bottom layer is dominated by reindeer lichens in the most continental regions; the proportion of moss increases towards more oceanic areas. Pine is the dominant tree species in most of the country. In BN, especially in Sørlandet, oak can also be an important element. Most often pure birch forest up towards the mountain.
T4-11|en|Ecological characteristics|Includes the drier and least calcareous part of what is traditionally called calcareous pine forest; ie medium calcareous pine forest with elements of drought-tolerant low herbs. Occurrence of strong lime indicators, often orchids, is lacking in the heather-low-grass forest. Often found on slightly weathered rocks such as amphibolite, larvicite, gabbro, basalt, rhombic porphyry, often in warm places. Occurrences of low-grass pine forests outside the limestone areas are often due to weak leachate influence (seasonally moist).
T4-11|en|Terrain and aerial photo characteristics|Occurs under different exposure and inclination conditions, but especially on ridges and top areas. Color in aerial photography varies depending on the dominant tree species and wood layer density, but often with light green to green-brown color in open areas. Dominance of mosses and heather gives a darker color. The color turns gray with higher elements of light lichen or heather gray moss. Texture often varying. Texture and color consistent within regions.
T4-12|nb|<name>|Lyng-kalklågurtskog
T4-12|nb|Fysiognomi|Engpreget, relativt åpen, frodig, urte- og grasrik skog. Oftest dominert av furu, med skogkanter mot åpen kalkmark.
T4-12|nb|Økologisk karakteristikk|Omfatter den tørrere og mest kalkrike delen av det som tradisjonelt betegnes urterik kalkfuruskog, og innbefatter også utforminger der ”kalkeffekten” skyldes tilførsler av sigevann kombinert med periodevis uttørking og da gjerne som en mosaikk mellom en veldrenert og en fuktmarksutforming. Forekomst av sterke kalkindikatorer, bl.a. orkideer som mangler i lyng-lågurtskog, skiller T4–C-12 fra denne. Mange sterkt kalkskogtilknyttede sopper kan forekomme i naturtypen. I BN kan varmekjære lauvtrær og busker utgjøre en viktig del av tre- og busksjiktet. Jordsmonnet er oftest et tynt brunjordsprofil, som kan inneholde mye stein og grus, f.eks. kalkgrus og leirskifer.
T4-12|nb|Terreng- og flyfotokarakteristikk|Opptrer under ulike eksposisjons- og helningsforhold, men særlig i konvekse lisider med gunstig eksposisjon. Farge i flyfoto varierer med dominerende treslag og tresjiktstetthet. Fargen er ofte brun til grønn-brun i åpne partier, lys grønn ved gras- eller urtedominans, mørkere grønn med busksjikt. Dominans av kalkgrus gir grånende til gråsvart farge. Tekstur ofte varierende. Tekstur og farge konsistent innen regioner.
T4-12|en|<name>|Strongly lime-rich subxeric forest
T4-12|en|Physiognomy|Meadow-like, relatively open, lush, herbaceous and grassy forest. Most often dominated by pine, with forest edges against open limestone soil.
T4-12|en|Ecological characteristics|"Includes the drier and most calcareous part of what is traditionally called herbaceous lime pine forest, and also includes designs where the ""lime effect"" is due to inputs of leachate combined with periodic drying and then often as a mosaic between a well-drained and a wetland design. Occurrence of strong lime indicators, i.a. orchids that are missing in heather-low-grass forest, separate T4 – C-12 from this. Many strongly limestone-associated fungi can occur in the habitat type. In BN, heat-loving deciduous trees and shrubs can form an important part of the tree and shrub layer. The soil is most often a thin brown soil profile, which can contain a lot of rock and gravel, e.g. limestone and clay shale."
T4-12|en|Terrain and aerial photo characteristics|Occurs under different exposure and inclination conditions, but especially in convex lisides with favorable exposure. Color in aerial photography varies with dominant wood species and wood layer density. The color is often brown to green-brown in open areas, light green in grass or herb dominance, darker green with shrub layers. Dominance of lime gravel gives graying to gray-black color. Texture often varying. Texture and color consistent within regions.
T4-13|nb|<name>|Lavskog
T4-13|nb|Fysiognomi|Halvåpne eller oftest åpne skoger dominert av lyng og lav; mot fjellet ofte skog eller krattskog av vekstreduserte trær. Bunnsjiktet er ofte helt dominert av reinlaver. Furu er det dominerende treslaget i mesteparten av landet, men bjørk dominerer i fjellskogen de fleste steder.
T4-13|nb|Økologisk karakteristikk|Feltsjiktet inneholder få, nøysomme og svært uttørkingstolerante arter; først og fremst røsslyng, krekling og tyttebær. Furutorvmose forekommer på fuktmarksflekker, f.eks. i svake forsenkninger på slett mark. Kvitkrull, lys reinlav og grå reinlav er de viktigste artene i bunnsjiktet, men heigråmose kan være vanlig og/eller dominere i oseaniske strøk. T4-C-13 forekommer først og fremst på kalkfattig, tørr og skrinn mark med tynt jordsmonn over berg (hällmarkstallskog), men kan også dekke store, flate moreneavsetninger i kontinentale strøk. Der jordsmonnet er dypere utvikles podsolprofil.
T4-13|nb|Terreng- og flyfotokarakteristikk|Opptrer under ulike eksposisjons- og helningsforhold, men særlig på rygger, toppområder og flate moreneavsetninger i kontinentale deler av landet. Farge varierer avhengig av dominerende treslag og tresjiktstetthet, men ofte mosaikk mellom gråhvitt (lavdominans) og grønt (tre- og eventuelt busksjikt). Innslag av lyng gir mørkere farge. Furudominans (olivengrønn) skilles lett fra bjørkedominans (reinere grønn). Tekstur og farge konsistent innen og mellom regioner.
T4-13|en|<name>|Lime-poor xeric forest
T4-13|en|Physiognomy|Semi-open or most often open forests dominated by heather and lichen; towards the mountain often forest or scrub forest of growth-reduced trees. The bottom layer is often completely dominated by reindeer lichen. Pine is the dominant tree species in most of the country, but birch dominates in the mountain forest in most places.
T4-13|en|Ecological characteristics|The field layer contains few, frugal and very drought tolerant species; primarily heather, cress and cranberries. Pine peat moss occurs on wetland patches, e.g. in slight depressions on plain ground. White curl, light reindeer lichen and gray reindeer lichen are the most important species in the bottom layer, but heather gray moss can be common and / or dominate in oceanic areas. T4-C-13 occurs primarily on calcareous, dry and barren soils with thin soil over rocks (Hällmarkstallskog), but can also cover large, flat moraine deposits in continental areas. Where the soil is deeper, podsol profile develops.
T4-13|en|Terrain and aerial photo characteristics|Occurs under different exposure and slope conditions, but especially on ridges, peak areas and flat moraine deposits in continental parts of the country. Color varies depending on the dominant tree species and tree layer density, but often mosaic between greyish white (low dominance) and green (tree and possibly shrub layer). Elements of heather give a darker color. Pine dominance (olive green) is easily distinguished from birch dominance (purer green). Texture and color consistent within and between regions.
T4-14|nb|<name>|Svak lav-lågurtskog
T4-14|nb|Fysiognomi|Halvåpne eller oftest åpne skoger dominert av lyng og lav; mot fjellet ofte skog eller krattskog av vekstreduserte trær. Bunnsjiktet er ofte helt dominert av reinlaver. Furu er det dominerende treslaget i mesteparten av landet, men bjørk dominerer i fjellskogen de fleste steder.
T4-14|nb|Økologisk karakteristikk|Feltsjiktet inneholder få, relativt nøysomme og svært uttørkingstolerante arter, først og fremst røsslyng, krekling og tyttebær. Furutorvmose forekommer på fuktmarksflekker. Kvitkrull, lys reinlav og grå reinlav er de viktigste artene i bunnsjiktet, men heigråmose kan være vanlig og/eller dominere i oseaniske strøk. T4-C-14 forekommer først og fremst på relativt kalkfattig, tørr og skrinn mark med tynt jordsmonn over berg (”hällmarkstallskog”), men finnes også på flate moreneavsetninger i kontinentale strøk. Der jordsmonnet er dypere utvikles podsolprofil. Forekomst av noen få, litt mindre nøysomme arter skiller T4-C-14 fra lavskog (T4-C-13).
T4-14|nb|Terreng- og flyfotokarakteristikk|Opptrer under ulike eksposisjons- og helningsforhold, men særlig på rygger og toppområder. FF: Farge i flyfoto varierer avhengig av dominerende treslag og tresjiktstetthet, men ofte mosaikk mellom gråhvitt (lavdominans) og grønt (tre- og busksjikt). Innslag av lyng gir mørkere farge. Furudominans (olivengrønn) skilles lett fra bjørkedominans (reinere grønn). Tekstur og farge konsistent innen og mellom regioner.
T4-14|en|<name>|Intermediately lime-rich xeric forest
T4-14|en|Physiognomy|Semi-open or most often open forests dominated by heather and lichen; towards the mountain often forest or scrub forest of growth-reduced trees. The bottom layer is often completely dominated by reindeer lichen. Pine is the dominant tree species in most of the country, but birch dominates in the mountain forest in most places.
T4-14|en|Ecological characteristics|"The field layer contains few, relatively frugal and very drought-tolerant species, primarily heather, cress and cranberries. Pine peat moss occurs on wetland patches. White curl, light reindeer lichen and gray reindeer lichen are the most important species in the bottom layer, but heather gray moss can be common and / or dominate in oceanic areas. T4-C-14 occurs primarily on relatively calcareous, dry and barren soils with thin soil over rocks (""hällmarkstallskog""), but is also found on flat moraine deposits in continental areas. Where the soil is deeper, podsol profile develops. Occurrence of a few, slightly less frugal species distinguishes T4-C-14 from low forest (T4-C-13)."
T4-14|en|Terrain and aerial photo characteristics|Occurs under different exposure and inclination conditions, but especially on ridges and top areas. FF: Color in aerial photos varies depending on the dominant tree species and tree layer density, but often mosaic between gray-white (low dominance) and green (tree and shrub layer). Elements of heather give a darker color. Pine dominance (olive green) is easily distinguished from birch dominance (purer green). Texture and color consistent within and between regions.
T4-15|nb|<name>|Lav-lågurtskog
T4-15|nb|Fysiognomi|Åpen skog dominert av furu og med glissent feltsjikt karakterisert av lyng, urter og lav. I NB er T4-C-15 oftest en grunnlendt fjellbjørkeskog.
T4-15|nb|Økologisk karakteristikk|Feltsjiktet har innslag av relativt kalkkrevende og tørketolerante karplanter. Kartleggingsenheten opptrer ofte i veksling med lyng-lågurtskog (T4-C-11), lyng-kalklågurtskog (T4-C-12) og/eller lav-kalklågurtskog (T4-C-16), gjerne som randsoner mot, eller i mosaikk med nakent berg (T1) og åpen grunnlendt mark (T2). Floristisk karakteriseres T4-C-15 ved forekomst av ekstremt tørketålende, middels kalkkrevende arter som også er typiske for åpen grunnlendt mark (T2), som hvitbergknapp, blåklokke, bitterbergknapp, hårsveve, smørbukk og sølvmure. Oftest lavdominert bunnsjikt, men kan også ha et sparsomt utviklet bunnsjikt med mye strø.
T4-15|nb|Terreng- og flyfotokarakteristikk|Opptrer under ulike eksposisjons- og helningsforhold, men særlig på rygger og toppområder. FF: Farge i flyfoto varierer avhengig av dominerende treslag og tresjiktstetthet, men ofte mosaikk mellom gråhvitt (lavdominans) og grønt (tre- og busksjikt). Innslag av lyng gir mørkere farge. Furudominans (olivengrønn) skilles lett fra bjørkedominans (reinere grønn). Tekstur og farge konsistent innen og mellom regioner.
T4-15|en|<name>|Moderately lime-rich xeric forest
T4-15|en|Physiognomy|Open forest dominated by pine and with a glistening field layer characterized by heather, herbs and lichen. In NB, T4-C-15 is most often a shallow mountain birch forest.
T4-15|en|Ecological characteristics|The field layer has elements of relatively lime-demanding and drought-tolerant vascular plants. The mapping unit often alternates with heather-low-grass forest (T4-C-11), heather-low-limestone forest (T4-C-12) and / or low-limestone low-grass forest (T4-C-16), often as marginal zones towards, or in mosaic with bare rock (T1) and open shallow ground (T2). Floristically, T4-C-15 is characterized by the presence of extremely drought-tolerant, medium-lime-demanding species that are also typical of open shallow ground (T2), such as white mountain button, bluebell, bitterberg button, hair float, butterfly and silver wall. Most often low-dominated bottom layer, but can also have a sparsely developed bottom layer with a lot of litter.
T4-15|en|Terrain and aerial photo characteristics|Occurs under different exposure and inclination conditions, but especially on ridges and top areas. FF: Color in aerial photos varies depending on the dominant tree species and tree layer density, but often mosaic between gray-white (low dominance) and green (tree and shrub layer). Elements of heather give a darker color. Pine dominance (olive green) is easily distinguished from birch dominance (purer green). Texture and color consistent within and between regions.
T4-16|nb|<name>|Lav-kalklågurtskog
T4-16|nb|Fysiognomi|Åpen skog, oftest dominert av furu og med glissent feltsjikt karakterisert av urter og lav. I NB er T4-C-16 oftest en grunnlendt fjellbjørkeskog.
T4-16|nb|Økologisk karakteristikk|Feltsjiktet har innslag av svært kalkkrevende og tørketolerante karplanter. Kartleggingsenheten opptrer ofte i veksling med lyng-lågurtskog (T4-C-11), lyng-kalklågurtskog (T4-C-12) og lav-lågurtskog (T4-C-15), gjerne som randsoner mot, eller i mosaikk med nakent berg (T1) og åpen grunnlendt mark (T2). Forekommer oftest på grunnlendt mark på kalkrike bergarter. Oftest lavdominert bunnsjikt, men kan også ha et sparsomt utviklet bunnsjikt med mye strø.
T4-16|nb|Terreng- og flyfotokarakteristikk|Opptrer under ulike eksposisjons- og helningsforhold, men særlig på kalkrygger, gjerne i karstlandskap. Fargen varierer avhengig av dominerende treslag og tresjiktstetthet, men ofte mosaikk mellom gråhvitt (lavdominans) og grønt (tre og busksjikt). Innslag av lyng gir mørkere farge, i mosaikk med nakent berg ofte mer grålig farge. Furudominans (olivengrønn) skilles lett fra bjørkedominans (reinere grønn). Tekstur og farge konsistent innen regioner.
T4-16|en|<name>|Strongly lime-rich xeric forest
T4-16|en|Physiognomy|Open forest, most often dominated by pine and with a glistening field layer characterized by herbs and lichen. In NB, T4-C-16 is most often a shallow mountain birch forest.
T4-16|en|Ecological characteristics|The field layer has elements of very lime-demanding and drought-tolerant vascular plants. The mapping unit often alternates with heather-low-grass forest (T4-C-11), heather-lime-low-grass forest (T4-C-12) and low-low-grass forest (T4-C-15), often as marginal zones towards, or in mosaics with bare rock (T1) and open shallow ground (T2). Occurs most often on shallow ground on calcareous rocks. Most often low-dominated bottom layer, but can also have a sparsely developed bottom layer with a lot of litter.
T4-16|en|Terrain and aerial photo characteristics|Occurs under different exposure and slope conditions, but especially on limestone ridges, often in karst landscapes. The color varies depending on the dominant tree species and tree layer density, but often mosaic between greyish white (low dominance) and green (tree and shrub layer). Elements of heather give a darker color, in mosaic with bare rock often more greyish color. Pine dominance (olive green) is easily distinguished from birch dominance (purer green). Texture and color consistent within regions.
T4-17|nb|<name>|Storbregneskog
T4-17|nb|Fysiognomi|Åpne eller skyggefulle, frodige skoger med høy produksjon. Feltsjikt med store bregner og, i de tetteste utformingene, med bunn som nesten helt er dekket av et tjukt bregnestrølag. Finnes som storbregne-granskog i granas utbredelseområde og som storbregnebjørkeskog på Vestlandet, i Nord- Norge og i fjell-skogen. Storbregne-eike- eller bøkeskog dekker svært små arealer. Innslag av gråor i yngre hogstklasser, selje i N, er vanlig.
T4-17|nb|Økologisk karakteristikk|Permanent tilførsel av oksygenrikt sigevann; vannbevegelse parallell med markoverflata (kildevannspåvirkning). Store bregner dominerer, noen ganger nesten som reinbestander av skogburkne eller fjellburkne (mest i NB) eller smørtelg (O2–O3). Arter fra blåbærskog (T4-C-1) og svak lågurtskog (T4-C-2) inngår sammen med arter som begunstiges av eller krever kildevannspåvirkning. Forekommer på kalkfattig berggrunn, i kontinentale strøk mest som smale belter i søkk, langs bekkesig etc., i oseaniske områder noen ganger arealdekkende over større områder. Jorda er oftest et podsolprofil med en lett bregnestrøhumus.
T4-17|nb|Terreng- og flyfotokarakteristikk|I forsenkninger og slake lier, særlig i skyggefulle nordhellinger; i mindre grad begrenset til tydelige forsenkninger i oseaniske områder. Farge varierer med dominerende treslag og tresjiktstetthet. Storbregnedominans gir smaragdgrønn eller oftest mørk grønn farge. Grandominans (mørkegrønn) skilles lett fra bjørkedominans (reinere grønn). Konsistent tekstur og farge.
T4-17|en|<name>|Intermediately lime-rich tall-herb forest
T4-17|en|Physiognomy|Open or shady, lush forests with high production. Field layer with large ferns and, in the densest designs, with a bottom that is almost completely covered by a thick layer of fern litter. Available as large fern spruce forest in the spruce distribution area and as large fern birch forest in western Norway, in northern Norway and in the mountain forest. Large fern-oak or beech forest covers very small areas. Elements of gray alder in younger felling classes, willow in N, are common.
T4-17|en|Ecological characteristics|Permanent supply of oxygen-rich leachate; water movement parallel to the ground surface (spring water impact). Large ferns dominate, sometimes almost as reindeer populations of forest burkne or mountain burkne (mostly in NB) or butter algae (O2 – O3). Species from blueberry forest (T4-C-1) and weak low-grass forest (T4-C-2) are included together with species that benefit from or require spring water exposure. Occurs on calcareous bedrock, in continental areas mostly as narrow belts in depressions, along brooks, etc., in oceanic areas sometimes covering large areas. The soil is most often a podsol profile with a light fern litter humus.
T4-17|en|Terrain and aerial photo characteristics|In depressions and gentle slopes, especially in shady northern slopes; to a lesser extent limited to clear depressions in oceanic areas. Color varies with dominant wood species and wood layer density. Large fern dominance gives emerald green or most often dark green color. Grandominance (dark green) is easily distinguished from birch dominance (purer green). Consistent texture and color.
T4-18|nb|<name>|Høgstaudeskog
T4-18|nb|Fysiognomi|Åpne eller skyggefulle, svært frodige og høyproduktive skoger. Feltsjikt med opptil mannshøye urter, gras og bregner. Finnes som høgstaudegranskog i granskogsregionen og ellers som høgstaudebjørkeskog på Vestlandet, i Nord-Norge og i fjellskogen. T4- C-18 omfatter også kalkrike, fuktige edellauvskoger dominert av ask, alm eller gråor i BN og SB. Yngre suksesjonsstadier i SB og MB kan ha rikelig med gråor. Betydelig innslag av selje i No og Tr.
T4-18|nb|Økologisk karakteristikk|Kjennetegnet ved permanent tilførsel av oksygen- og kalkrikt sigevann og vannbevegelse parallelt med markoverflata (kildevannspåvirkning). Artsutvalget, inkludert dominansforholdene, varierer mye uten at det er mulig å påvise økologiske forskjeller, men den regionale variasjonen er stor. I kontinentale strøk mest som smale belter i søkk, langs bekkesig etc., i oseaniske områder noen ganger arealdekkende over større flater, typisk i lisider. Forekommer på kalkrik berggrunn og har brunjordsprofil. 
T4-18|nb|Terreng- og flyfotokarakteristikk|Utbredt i forsenkninger eller slake partier, særlig i skyggefulle nordhellinger; jo mer oseanisk klima, desto mindre grad begrenset til tydelige forsenkninger. Farge varierer avhengig av dominerende treslag og tresjiktstetthet, men er ofte smaragdgrønn eller oftest mørkt grønn ved høyt innslag av høgstauder i feltsjiktet. Grandominans (mørkegrønn) skilles lett fra bjørkedominans (reinere grønn). Tekstur og farge konsistent innen og mellom regioner.
T4-18|en|<name>|Strongly lime-rich tall-herb forest
T4-18|en|Physiognomy|Open or shady, very lush and highly productive forests. Field layer with up to man-high herbs, grass and ferns. Available as high-perennial spruce forest in the spruce forest region and otherwise as high-perennial birch forest in western Norway, northern Norway and in the mountain forest. T4- C-18 also includes calcareous, moist noble deciduous forests dominated by ash, elm or gray alder in BN and SB. Younger stages of succession in SB and MB may have plenty of gray alder. Significant element of willow in No and Tr.
T4-18|en|Ecological characteristics|Characterized by permanent supply of oxygen- and calcareous leachate and water movement parallel to the ground surface (spring water impact). The species selection, including the dominance conditions, varies a lot without it being possible to detect ecological differences, but the regional variation is large. In continental areas mostly as narrow belts in depressions, along brooks, etc., in oceanic areas sometimes covering large areas, typically in slopes. Occurs on calcareous bedrock and has a brown soil profile.
T4-18|en|Terrain and aerial photo characteristics|Widespread in depressions or gentle sections, especially in shady northern slopes; the more oceanic the climate, the less limited to clear depressions. Color varies depending on the dominant tree species and tree layer density, but is often emerald green or most often dark green with a high proportion of perennials in the field layer. Grandominance (dark green) is easily distinguished from birch dominance (purer green). Texture and color consistent within and between regions.
T4-19|nb|<name>|Litt tørkeutsatt høgstaudeskog
T4-19|nb|Fysiognomi|Oftest relativt tett til halvåpen skog dominert av gran med innblanding av furu, men annen treslagssammensetning (f.eks. dominans av edellauvtrær) forekommer også. Feltsjiktet mer glissent og mindre produktivt enn i høgstaudeskogen (T4-C-18). Karakterisert ved stort artsmangfold av urter og gras.
T4-19|nb|Økologisk karakteristikk|Kjennetegnet ved periodevis tilførsel av oksygen- og kalkrikt sigevann (sesongfuktig), men også periodevis utsatt for uttørking. Artsutvalget er en blanding av typiske ”kalkfuruskogsarter” og arter med tyngdepunkt i høgstaudeskoger. Forekommer på kalkrik berggrunn og på mer kalkfattige bergarter som tilføres sigevann fra mer kalkrike bergarter – da i tydelig kontrast til omkringliggende kalkskogsmark på konvekse terrengformer uten tydelig påvirkning fra kalkrikt sigevann. 
T4-19|nb|Terreng- og flyfotokarakteristikk|Utbredt i forsenkninger og relativt slake partier, særlig i sørvendte terrengposisjoner med god omsetning og redusert humusdannelse. FF: Varierer avhengig av dominerende treslag og tresjiktstetthet, men ofte lyst grønn ved høyt innslag av gras og urter i feltsjiktet. Grandominans (mørkegrønn) skilles lett fra furudominans (olivengrønn). Tekstur og farge konsistent innen og mellom regioner.
T4-19|en|<name>|Strongly lime-rich submesic tall-herb forest
T4-19|en|Physiognomy|Most often relatively dense to semi-open forest dominated by spruce with admixture of pine, but other tree species composition (eg dominance of noble deciduous trees) also occurs. The field layer is more glistening and less productive than in the high perennial forest (T4-C-18). Characterized by a large species diversity of herbs and grasses.
T4-19|en|Ecological characteristics|"Characterized by periodic supply of oxygen- and calcareous leachate (seasonally moist), but also periodically exposed to dehydration. The species selection is a mixture of typical ""lime pine forest species"" and species with a center of gravity in perennial forests. Occurs on calcareous bedrock and on more calcareous rocks that are supplied with leachate from more calcareous rocks - then in clear contrast to the surrounding calcareous forest land on convex terrain without clear influence from calcareous calcareous water."
T4-19|en|Terrain and aerial photo characteristics|Widespread in depressions and relatively gentle sections, especially in south-facing terrain positions with good turnover and reduced humus formation. FF: Varies depending on the dominant tree species and tree layer density, but often light green with a high proportion of grass and herbs in the field layer. Grandominance (dark green) is easily distinguished from pine dominance (olive green). Texture and color consistent within and between regions.
T4-2|nb|<name>|Svak lågurtskog
T4-2|nb|Fysiognomi|Oftest skyggefulle skoger preget av blåbærdominans samt forekomst av småbregner og noen urter, gras og moser som ikke finner nok næring i blåbærskogen. Typisk er et sammenhengende mosedekke i bunnen, på fuktmark dominans av torvmoser. Arealmessig viktigst er granskog med sparsomt innslag av boreale lauvtrær. I BN også representert ved eikeskog og bøkeskog, mens bjørkeskog dominerer store arealer i NB og landsdeler utenfor granas utbredelsesområde. Der kan også furu være dominant.
T4-2|nb|Økologisk karakteristikk|Feltsjiktet omfatter et begrenset antall arter med blåbær og dens følgearter fra blåbærskogen (inkludert småbregneutformingen) samt spredte forekomster av noe mer kalkkrevende arter som skogsveve og legeveronika. Forekommer på litt mer kalkrik berggrunn, ulike eksposisjons- og helningsforhold og et jordsmonn som vanligvis kjennetegnes av et podsolprofil, øverst med humuslag av moder-typen og som holder en relativt stabil fuktighet.
T4-2|nb|Terreng- og flyfotokarakteristikk|Alle terrengposisjoner, men mer frekvent i flate, jevnt hellende eller konkave terrengposisjoner enn i opplendte, grunnlendte partier. Dominerende treslag og tresjiktstetthet er styrende for gjenkjenning i flyfoto, tekstur varierende. Farge mørkt grønn i granskog, lys grønn i løvskog, grønn-grå i furuskog. Tekstur og farge ofte konsistent innen regioner.
T4-2|en|<name>|Intermediately lime-rich submesic forest
T4-2|en|Physiognomy|Most often shady forests characterized by blueberry dominance as well as the presence of small ferns and some herbs, grasses and mosses that do not find enough nutrients in the blueberry forest. Typically, a continuous moss cover at the bottom, on wetlands is dominated by peat bogs. Most important in terms of area is spruce forest with a sparse element of boreal deciduous trees. In BN also represented by oak forest and beech forest, while birch forest dominates large areas in NB and parts of the country outside the spruce distribution area. Pine can also be dominant.
T4-2|en|Ecological characteristics|The field layer includes a limited number of species with blueberries and its companion species from the blueberry forest (including the small fern design) as well as scattered occurrences of somewhat more lime-demanding species such as woodcock and medical veronica. Occurs on slightly more calcareous bedrock, different exposure and slope conditions and a soil that is usually characterized by a podsol profile, at the top with mother-type humus layers and which retains a relatively stable moisture.
T4-2|en|Terrain and aerial photo characteristics|All terrain positions, but more frequently in flat, evenly sloping or concave terrain positions than in upland, shallow sections. Dominant wood species and wood layer density are governing for recognition in aerial photography, texture varying. Color dark green in spruce forest, light green in deciduous forest, green-gray in pine forest. Texture and color often consistent within regions.
T4-20|nb|<name>|Tørkeutsatt høgstaudeskog
T4-20|nb|Fysiognomi|Halvåpen, furudominert skog. Karakterisert ved stort artsmangfold av urter og gras, ofte også uttørkingstolerante busker som f.eks. einer. Alternerer ofte med mer kalkfattige og/eller ikke kildevannspåvirkede naturtyper.
T4-20|nb|Økologisk karakteristikk|Kjennetegnet ved periodevis tilførsel av oksygenrikt og kalkrikt sigevann, men sesongfuktig og utsatt for gjentatt og tidvis sterk uttørring. Artsutvalget består av typiske ”kalkfuruskogsarter”, med innslag av noen arter fra høgstaudeskogene. Forekommer på kalkrik berggrunn og i blant på mer kalkfattige bergarter som tilføres sigevann som har vært i kontakt med mer kalkrike bergarter.
T4-20|nb|Terreng- og flyfotokarakteristikk|Utbredt i lisider, ofte relativt slake, særlig i sørvendte terrengposisjoner med god omsetning og redusert humusdannelse. FF: Farge varierer avhengig av dominerende treslag og tresjiktstetthet, men tresjiktet ofte olivingrønt (furudominans). Mørkt grønn ved høyt innslag av einer og lyngarter, ellers vanligvis grønn. Tekstur og farge konsistent innen og mellom regioner.
T4-20|en|<name>|Strongly lime-rich subxeric tall-herb forest
T4-20|en|Physiognomy|Semi-open, pine-dominated forest. Characterized by large species diversity of herbs and grasses, often also drought-tolerant shrubs such as. one. Alternates often with more calcareous and / or non-spring water-affected habitats.
T4-20|en|Ecological characteristics|"Characterized by periodic supply of oxygen-rich and calcareous leachate, but seasonally moist and exposed to repeated and occasionally strong drying. The species selection consists of typical ""lime pine forest species"", with elements of some species from the perennial forests. Occurs on calcareous bedrock and sometimes on more calcareous rocks that are supplied with leachate that has been in contact with more calcareous rocks."
T4-20|en|Terrain and aerial photo characteristics|Widespread in lisides, often relatively gentle, especially in south-facing terrain positions with good turnover and reduced humus formation. FF: Color varies depending on the dominant tree species and tree layer density, but the tree layer is often olive green (pine dominance). Dark green with high levels of juniper and heather, otherwise usually green. Texture and color consistent within and between regions.
T4-3|nb|<name>|Lågurtskog
T4-3|nb|Fysiognomi|Oftest skyggefulle skoger preget av urter og gras. Skogbunnen har varierende mosedekning av delvis mer krevende arter, og god bonitet med tett tresjikt og lite lys kan ofte begrense undervegetasjonen, slik at deler av skogbunnen er rent barnålteppe eller dekket av lauvstrø. Arealmessig viktigst er granskog, med sparsomt innslag av boreale lauvtrær. I BN også representert ved edellauvskog, mens bjørkeskog dominerer store arealer i NB og landsdeler utenfor granas utbredelsesområde. Der kan også furu være dominant.
T4-3|nb|Økologisk karakteristikk|Typen kan være relativt artsrik, og en klassisk skilleart fra fattigere typer er blåveis. Forekommer på kalkrik berggrunn, ulike eksposisjons- og helningsforhold. Jordsmonnet er kjennetegnet av et brunjordsprofil som holder en relativt stabil fuktighet.
T4-3|nb|Terreng- og flyfotokarakteristikk|Forekommer i alle terrengposisjoner, men mer frekvent i flatt, jevnt hellende eller konkave terrengposisjoner enn opplendte, ofte grunnlendte partier. Dominerende treslag og tresjiktstetthet styrende for gjenkjenning i flyfoto, tekstur varierende. Mørkt grønn i granskog, lys grønn i løvskog, grønn-grå i furuskog. Lysere grønn farge i skogglenner (ikke i skygge) i flyfoto. Tekstur og farge ofte konsistent innen regioner.
T4-3|en|<name>|Moderately lime-rich submesic forest
T4-3|en|Physiognomy|Most often shady forests characterized by herbs and grasses. The forest floor has varying moss cover of partly more demanding species, and good quality with a dense layer of wood and little light can often limit the undergrowth, so that parts of the forest floor are pure baby needle blanket or covered with deciduous litter. The most important in terms of area is spruce forest, with sparse elements of boreal deciduous trees. In BN also represented by noble deciduous forest, while birch forest dominates large areas in NB and parts of the country outside the spruce distribution area. Pine can also be dominant.
T4-3|en|Ecological characteristics|The type can be relatively rich in species, and a classic distinguishing species from poorer types is blue. Occurs on calcareous bedrock, various exposure and slope conditions. The soil is characterized by a brown soil profile that maintains a relatively stable moisture.
T4-3|en|Terrain and aerial photo characteristics|Occurs in all terrain positions, but more frequently in flat, evenly sloping or concave terrain positions than uplifted, often grounded sections. Dominant wood species and wood layer density governing for recognition in aerial photography, texture varying. Dark green in spruce forest, light green in deciduous forest, green-gray in pine forest. Lighter green color in forest clearings (not in shadow) in aerial photo. Texture and color often consistent within regions.
T4-4|nb|<name>|Kalklågurtskog
T4-4|nb|Fysiognomi|Oftest skyggefulle skoger på mer eller mindre grunnlendt mark. Kalkgranskog dekker trolig størst areal i BN, der det finnes alle overganger til ren edellauvskog på de klimatisk gunstigste lokalitetene. Frekvent som bjørkeskog i NB og ellers i alle landsdeler utenfor granas utbredelsesområde, der forutsetningene for kalklågurtskog er til stede.
T4-4|nb|Økologisk karakteristikk|Ofte lite og trivielt innslag av lågurter som ikke skiller seg mye fra mer ordinære lågurtskoger, men med noen få utslagsgivende plantearter. Typen kan være sterkt mosedominert (gjerne etasjemose). Best karakterisert av en rekke kravfulle kalkbarskogs-sopper. Framstikkende kalkrike bergknauser med moseflora typisk for kalkrike berg indikerer også kalklågurtskog. Forekommer på kalkrik berggrunn, ulike eksposisjons- og helningsforhold og et jordsmonn kjennetegnet av et brunjordsprofil og som holder en relativt stabil fuktighet. På kalkrik grunn med tjukt humuslag erstattes kalklågurtskogen av skogsmarkstyper med lavere realisert KA-trinn.
T4-4|nb|Terreng- og flyfotokarakteristikk|Forekommer i alle terrengposisjoner, men ofte i opplendte partier. Dominerende treslag og tresjiktstetthet styrende for gjenkjenning i flyfoto, som i T4-C-3. Mørkt grønn i granskog, lys grønn i løvskog, grønn-grå i furuskog. Tekstur varierende, men ofte ujevn. Tekstur og farge ofte konsistent innen regioner.
T4-4|en|<name>|Strongly lime-rich submesic forest
T4-4|en|Physiognomy|Most often shady forests on more or less shallow ground. Lime spruce forest probably covers the largest area in BN, where there are all transitions to pure deciduous forest in the most climatically favorable localities. Frequent as birch forest in NB and elsewhere in all parts of the country outside the spruce distribution area, where the preconditions for limestone lowland forest are present.
T4-4|en|Ecological characteristics|Often small and trivial elements of lichen herbs that do not differ much from more ordinary lichen herbs, but with a few decisive plant species. The type can be strongly dominated by moss (preferably floor moss). Best characterized by a variety of demanding limestone forest mushrooms. Protruding calcareous boulders with moss flora typical of calcareous rocks also indicate calcareous lowland forest. Occurs on calcareous bedrock, different exposure and slope conditions and a soil characterized by a brown soil profile and which retains a relatively stable moisture. On calcareous soils with a thick humus layer, the calcareous low-belt forest is replaced by forest land types with a lower realized KA stage.
T4-4|en|Terrain and aerial photo characteristics|Occurs in all terrain positions, but often in uplifted areas. Dominant wood species and wood layer density governing for recognition in aerial photos, as in T4-C-3. Dark green in spruce forest, light green in deciduous forest, green-gray in pine forest. Texture varied, but often uneven. Texture and color often consistent within regions.
T4-5|nb|<name>|Bærlyngskog
T4-5|nb|Fysiognomi|Oftest skyggefulle til halvåpne skoger med lyng- og dels mosedominans, men med økende mengde lav mot mer kontinentale strøk. Innenfor granas utbredelsesområde barblandingsskog, som varierer fra grandominans med konstant innslag av furu til mer likeverdig blanding av de to. Med innslag eller dominans av eik i BN på Sørlandet. Utviklet som furu- og/eller bjørkeskog utenfor granas utbredelsesområde, som ren bjørkeskog opp mot fjellet.
T4-5|nb|Økologisk karakteristikk|Bærlyngdominans med mer eller mindre sterkt innslag av røsslyng, og med få andre arter i feltsjiktet. Furumose og sigdmoser, stedvis også etasjemose eller reinlavarter, er karakteristiske i bunnsjiktet. Gran-, lyng- og tvaretorvmose dominerer på fuktmark. Forekommer på kalkfattig berggrunn. Jordsmonnet danner et podsolprofil og er som regel tynnere og mer tørkeutsatt enn i blåbærskogen.
T4-5|nb|Terreng- og flyfotokarakteristikk|Opptrer under ulike eksposisjons- og helningsforhold, men særlig på rygger og svakt konvekse terrengformer. Kan dekke store arealer på elve- og breelvavsetninger (furumoer). Dominerende treslag og tresjiktstetthet er styrende for gjenkjenning i flyfoto, tekstur varierende. Mørkt grønn i granskog, lys grønn i løvskog, grønn-grå i furuskog; i flyfoto framtrer åpne partier oftest som grønne til grønnbrune. Tekstur og farge konsistent innen og mellom regioner.
T4-5|en|<name>|Lime-poor submesic to subxeric forest
T4-5|en|Physiognomy|Most often shady to semi-open forests with heather and partly moss dominance, but with increasing amounts of lichen towards more continental areas. Within the spruce distribution area, bare-mixed forest, which varies from grandominance with a constant element of pine to a more equal mixture of the two. With elements or dominance of oak in BN in Sørlandet. Developed as a pine and / or birch forest outside the spruce distribution area, as pure birch forest up against the mountain.
T4-5|en|Ecological characteristics|Berry heather dominance with more or less strong elements of heather, and with few other species in the field layer. Pine bogs and sickle bogs, in some places also floor bogs or reindeer lichens, are characteristic of the bottom layer. Spruce, heather and peat bog dominate on wetlands. Occurs on calcareous bedrock. The soil forms a podsol profile and is usually thinner and more prone to drought than in the blueberry forest.
T4-5|en|Terrain and aerial photo characteristics|Occurs under different exposure and inclination conditions, but especially on ridges and slightly convex terrain. Can cover large areas on river and glacial deposits (pine forests). Dominant wood species and wood layer density are governing for recognition in aerial photography, texture varying. Dark green in spruce forest, light green in deciduous forest, green-gray in pine forest; in aerial photography, open areas most often appear as green to green-brown. Texture and color consistent within and between regions.
T4-6|nb|<name>|Svak bærlyng-lågurtskog
T4-6|nb|Fysiognomi|Oftest skyggefulle til halvåpne skoger med lyng- og dels mosedominans, men økende mengde lav mot mer kontinentale strøk. Innenfor granas utbredelsesområde barblandingsskog, som varierer fra grandominans med konstant innslag av furu til mer likeverdig blanding av de to. Med innslag av eik i BN. Utviklet som furu- og/eller bjørkeskog utenfor granas utbredelsesområde, som ren bjørkeskog opp mot fjellet.
T4-6|nb|Økologisk karakteristikk|Bærlyngdominans med mer eller mindre sterkt innslag av røsslyng, og med få andre arter i feltsjiktet. Furumose og sigdmoser, stedvis også etasjemose eller reinlavarter, er karakteristiske i bunnsjiktet. Forekommer på kalkfattig berggrunn, men med noe bedre kalkrik enn bærlyngskog, T4-C-5. Dette gir seg utslag i at det sammenliknet med denne kartleggingsenheten kommer inn noen få, spredte, litt mer kalkkrevende arter. Jordsmonnet er typisk et svakt podsolprofil som vanligvis er tynnere og mer tørkeutsatt enn i svak lågurtskog på frisk mark.
T4-6|nb|Terreng- og flyfotokarakteristikk|Opptrer under ulike eksposisjons- og helningsforhold, men særlig på rygger og svakt konvekse terrengformer. Skogglenner ofte med grønn til grønn-brunlig farge i fargefoto. Ellers varierer farge og tekstur med dominerende treslag og tresjiktstetthet. Mørkt grønn i granskog, lys grønn i løvskog, grønn-grå i furuskog. Ujevn tekstur. Tekstur og farge konsistent innen regioner.
T4-6|en|<name>|Intermediately lime-rich submesic to subxeric forest
T4-6|en|Physiognomy|Most often shady to semi-open forests with heather and partly moss dominance, but increasing amount of low towards more continental areas. Within the spruce distribution area, bare-mixed forest, which varies from grandominance with a constant element of pine to a more equal mixture of the two. With elements of oak in BN. Developed as a pine and / or birch forest outside the spruce distribution area, as pure birch forest up against the mountain.
T4-6|en|Ecological characteristics|Berry heather dominance with more or less strong elements of heather, and with few other species in the field layer. Pine bogs and sickle bogs, in some places also floor bogs or reindeer lichens, are characteristic of the bottom layer. Occurs on calcareous bedrock, but with slightly better calcareous than berry heather forest, T4-C-5. This is reflected in the fact that, compared with this mapping unit, a few, scattered, slightly more lime-demanding species enter. The soil is typically a weak podsol profile which is usually thinner and more prone to drought than in weak low-grass forests on fresh soil.
T4-6|en|Terrain and aerial photo characteristics|Occurs under different exposure and inclination conditions, but especially on ridges and slightly convex terrain. Forest glades often with green to green-brownish color in color photo. Otherwise, color and texture vary with the dominant wood species and wood layer density. Dark green in spruce forest, light green in deciduous forest, green-gray in pine forest. Uneven texture. Texture and color consistent within regions.
T4-7|nb|<name>|Bærlyng-lågurtskog
T4-7|nb|Fysiognomi|Oftest skyggefulle til halvåpne skoger med urter og mosedominans: mengden lav øker mot mer kontinentale strøk. Innenfor granas utbredelsesområde barblandingsskog, som varierer fra grandominans med konstant innslag av furu til mer likeverdig blanding av de to. Med innslag av eik i BN. Utviklet som furu- og/eller bjørkeskog utenfor granas utbredelsesområde, som ren bjørkeskog opp mot fjellet.
T4-7|nb|Økologisk karakteristikk|Omfatter den friskeste og minst kalkrike delen av det som tradisjonelt betegnes kalkfuruskog; dvs. middels kalkrik furuskog med innslag av litt tørketålende lågurter som skogfiol, legeveronika, markjordbær, knollerteknapp, teiebær, liljekonvall mv. Forekomst av sterke kalkindikatorer, typisk orkideer, mangler. Finnes ofte på lettforvitrede bergarter som amfibolitt, larvikitt, gabbro, basalt, rombeporfyr, gjerne på varme steder. Forekomster av bærlyng-lågurtfuruskog utenfor kalkområdene er ofte betinget av svak sigevannspåvirkning (sesongfuktig). Få plantearter skiller denne typen fra den mest kalkrike bærlyng-lågurtskogen. Jordsmonnet er et brunjordsprofil.
T4-7|nb|Terreng- og flyfotokarakteristikk|Opptrer under ulike eksposisjons- og helningsforhold, men særlig på rygger og andre konvekse terrengformer. Farge i flyfoto varierer avhengig av dominerende treslag og tresjiktstetthet. Granskog gir mørk grønn farge som lysner med økende andel lauvtrær; grønnfargen er lysere i skogglenner. Tekstur ofte varierende. Tekstur og farge ofte konsistent innen regioner.
T4-7|en|<name>|Moderately lime-rich submesic to subxeric forest
T4-7|en|Physiognomy|Most often shady to semi-open forests with herbs and moss dominance: the amount of lichen increases towards more continental areas. Within the spruce distribution area, bare-mixed forest, which varies from grandominance with a constant element of pine to a more equal mixture of the two. With elements of oak in BN. Developed as a pine and / or birch forest outside the spruce distribution area, as pure birch forest up against the mountain.
T4-7|en|Ecological characteristics|Includes the freshest and least calcareous part of what is traditionally called calcareous pine forest; ie medium calcareous pine forest with elements of slightly drought-tolerant low herbs such as forest violin, medicinal veronica, wild strawberry, tuber button, tea berry, lily of the valley, etc. Occurrence of strong lime indicators, typically orchids, is lacking. Often found on slightly weathered rocks such as amphibolite, larvicite, gabbro, basalt, rhombic porphyry, often in warm places. Occurrences of berry heather-low-grass pine forest outside the limestone areas are often due to weak seepage water effects (seasonally moist). Few plant species distinguish this type from the most calcareous berry heather-low-grass forest. The soil is a brown soil profile.
T4-7|en|Terrain and aerial photo characteristics|Occurs under different exposure and inclination conditions, but especially on ridges and other convex terrain forms. Color in aerial photography varies depending on the dominant tree species and tree layer density. Spruce forest gives a dark green color that brightens with increasing proportion of deciduous trees; the green color is lighter in forest clearings. Texture often varying. Texture and color often consistent within regions.
T4-8|nb|<name>|Bærlyng-kalklågurtskog
T4-8|nb|Fysiognomi|Engpreget, frodig, urte- og grasrik skog, oftest en ganske åpen furuskog med skogkant mot åpen kalkmark og bergvegger.
T4-8|nb|Økologisk karakteristikk|Omfatter den friskeste og mest kalkrike delen av det som tradisjonelt betegnes urterik kalkfuruskog; med innslag av litt tørketålende lågurter som skogfiol, legeveronika, markjordbær, knollerteknapp, teiebær, liljekonvall mv. Også utforminger der ”kalkeffekten” skyldes tilførsler av sigevann kombinert med periodevis uttørking og da gjerne som en mosaikk mellom en veldrenert utforming og en fuktmarksutforming. Forekomst av sterke kalkindikatorer, bl.a. orkideer, som mangler i bærlyng-lågurtskog, skiller T4–C-8 fra denne. I BN kan varmekjære lauvtrær og busker utgjøre en viktig del av tre- og busksjiktet og noen ganger være dominerende (f.eks. tørkeutsatt kalklindeskog). Jordsmonnet er et typisk brunjordsprofil, men er som regel tynnere enn i kalklågurtskog på frisk mark. Skilles også fra kalkfattigere typer ved forekomst av flere kalkkrevende sopparter.
T4-8|nb|Terreng- og flyfotokarakteristikk|Opptrer under ulike eksposisjons- og helningsforhold, men særlig på rygger og andre konvekse terrengformer. Farge i flyfoto varierer med dominerende treslag og tresjiktstetthet. Granskog gir mørk grønn farge som lysner med økende andel lauvtrær; grønnfargen er lysere i skogglenner. Tekstur ofte varierende. Tekstur og farge ofte konsistent innen regioner.
T4-8|en|<name>|Strongly lime-rich submesic to subxeric forest
T4-8|en|Physiognomy|Meadow-like, lush, herbaceous and grassy forest, most often a fairly open pine forest with forest edge against open limestone land and rock walls.
T4-8|en|Ecological characteristics|"Includes the freshest and most calcareous part of what is traditionally called herbaceous calcareous pine forest; with hints of slightly drought-tolerant low herbs such as forest violet, medicinal veronica, wild strawberries, tuber buds, tea berries, lily of the valley, etc. Also designs where the ""lime effect"" is due to inputs of leachate combined with periodic drying and then often as a mosaic between a well-drained design and a wetland design. Occurrence of strong lime indicators, i.a. orchids, which are lacking in berry heather-low-grass forest, separate T4 – C-8 from this. In BN, heat-loving deciduous trees and shrubs can form an important part of the tree and shrub layer and are sometimes dominant (eg drought-exposed limestone forest). The soil is a typical brown soil profile, but is usually thinner than in calcareous lowland forest on fresh soil. Also distinguished from poorer types of lime in the presence of several limestone-demanding fungal species."
T4-8|en|Terrain and aerial photo characteristics|Occurs under different exposure and inclination conditions, but especially on ridges and other convex terrain forms. Color in aerial photography varies with dominant wood species and wood layer density. Spruce forest gives a dark green color that brightens with increasing proportion of deciduous trees; the green color is lighter in forest clearings. Texture often varying. Texture and color often consistent within regions.
T4-9|nb|<name>|Lyngskog
T4-9|nb|Fysiognomi|Oftest halvåpne skoger hvor røsslyng gjerne spiller en svært viktig rolle. Bunnsjiktet er dominert av reinlaver i de mest kontinentale strøkene; andelen moser øker mot mer oseaniske strøk. Furu er det dominerende treslaget i mesteparten av landet. I BN, særlig på Sørlandet, kan også eik være et viktig innslag. Innenfor granas utbredelsesområde barblandingsskog, som varierer fra grandominans med konstant innslag av furu til mer likeverdig blanding av de to. Utviklet som furu- og/eller bjørkeskog utenfor granas utbredelsesområde, som ren bjørkeskog opp mot fjellet.
T4-9|nb|Økologisk karakteristikk|Feltsjiktet typisk dominert av nøysomme og tørketolerante arter, i tillegg til røsslyng også bærlyng-arter. Furumose er ofte viktigste moseart og kan dominere på veldrenert mark, mens furutorvmose er viktigste dominant på fuktmark. Heigråmose spiller stor rolle og er dominerende mengdeart i oseaniske strøk. Lys og grå reinlav er karakteristiske innslag i bunnsjiktet. Kartleggingsenheten er knyttet til kalkfattig og tørkeutsatt grunn. Jordprofilet er et podsolprofil, men på mark med tynt jordsmonn utvikles ikke noen karakteristisk jordprofil. Kan dekke store arealer på elve- og breelvavsetninger (”furumoer”). 
T4-9|nb|Terreng- og flyfotokarakteristikk|Opptrer under ulike eksposisjons- og helningsforhold, men særlig på veldrenerte flater, rygger og toppområder. Kan dekke store arealer på elve- og breelvavsetninger (”furumoer”). Farge varierer avhengig av dominerende treslag og tresjiktstetthet. Furudominans i tresjiktet gir olivengrønn farge, oftest med brun til mørkere grønnbrun farge i skogglenner. Ved høyere innslag av heigråmose (O2-O3) eller lyse lavarter dår enheten en mer grålig farge. Tekstur ofte varierende. Tekstur og farge ofte konsistent innen og mellom regioner gitt sammenliknbare dominansforhold i tre- og bunnsjikt.
T4-9|en|<name>|Lime-poor subxeric forest
T4-9|en|Physiognomy|Most often semi-open forests where heather often play a very important role. The bottom layer is dominated by reindeer lichens in the most continental regions; the proportion of mosses is increasing towards more oceanic areas. Pine is the dominant tree species in most of the country. In BN, especially in Sørlandet, oak can also be an important element. Within the spruce distribution area, bare-mixed forest, which varies from grandominance with a constant element of pine to a more equal mixture of the two. Developed as a pine and / or birch forest outside the spruce distribution area, as pure birch forest up against the mountain.
T4-9|en|Ecological characteristics|"The field layer is typically dominated by frugal and drought tolerant species, in addition to heather also berry heather species. Pine moss is often the most important moss species and can dominate on well-drained soil, while pine peat moss is the most dominant on moist soil. Heigråmose plays a major role and is the dominant abundant species in oceanic areas. Light and gray reindeer lichen are characteristic elements in the bottom layer. The mapping unit is linked to low-calcium and drought-prone soil. The soil profile is a podsol profile, but on soil with thin soil no characteristic soil profile is developed. Can cover large areas on river and glacial deposits (""furumos"")."
T4-9|en|Terrain and aerial photo characteristics|"Occurs under different exposure and inclination conditions, but especially on well-drained surfaces, ridges and top areas. Can cover large areas on river and glacial deposits (""furumos""). Color varies depending on the dominant wood species and wood layer density. Pine dominance in the wood layer gives olive green color, most often with brown to darker green-brown color in forest clearings. At higher elements of heather gray moss (O2-O3) or light lichens, the unit has a more greyish color. Texture often varying. Texture and color often consistent within and between regions given comparable dominance conditions in wood and bottom layers."
