elementarySegment_id|language_id|key|value
AS.0|en|<class>|not the salt enrichment
AS.0|en|<description>|soil without salt enrichment in the upper layers; dominant water flow downwards (or soil that is too coarse and sand-dominated for the capillary forces to be able to pull salts up to the surface)
AS.0|en|pH|< 8,5
AS.0|nb|<class>|ikke saltanriket
AS.0|nb|<description>|jordsmonn uten saltanriking i øvre sjikt; dominerende vannstrøm nedadgående (eller jord som er for grov og sanddominert til at kapillærkreftene klarer å trekke salter opp mot overflata)
AS.0|nb|pH|< 8,5
AS.a|en|<class>|salt enrichment
AS.a|en|<description>|soil with salt enrichment in the upper layer as a result of an upward dominant water flow.
AS.a|en|pH|8.5–10.5
AS.a|nb|<class>|saltanriket
AS.a|nb|<description>|jordsmonn med saltanriking i øvre sjikt som følge av en oppadgående dominerende vannstrøm.
AS.a|nb|pH|8,5–10,5
BK.0|en|<class>|normal
BK.0|en|<description>|rocks that do not fall into any of the classes below
BK.0|nb|<class>|normal
BK.0|nb|<description>|bergarter som ikke faller inn i noen av klassene nedenfor
BK.a|en|<class>|ultramafic
BK.a|en|<description>|ultramafic bedrock (peridotites; dunites, olivine rocks), including new seabed formed by solidification of effluent from hot ocean sources
BK.a|nb|<class>|ultramafisk
BK.a|nb|<description>|ultramafisk berggrunn (peridotitter; dunitter, olivinstein), inkludert ny havbunn dannet ved størkning av utstrømmingsmateriale fra varme havkilder
BK.b|en|<class>|iron-rich
BK.b|en|<description>|acidic bedrock rich in sulphide minerals, typically with a high content of iron
BK.b|nb|<class>|jern-rikt
BK.b|nb|<description>|sur berggrunn rik på kisbergarter (sulfidmineraler), typisk med høyt innhold av jern
BK.c|en|<class>|copper-rich
BK.c|en|<description>|less acidic bedrock rich in sulfide minerals, typically with a high content of copper
BK.c|nb|<class>|kobber-rikt
BK.c|nb|<description>|mindre sur berggrunn rik på kisbergarter (sulfidmineraler), typisk med høyt innhold av kobber
BK.d|en|<class>|lava
BK.d|en|<description>|lava field more or less intact deposits of lava, tephra and slag
BK.d|nb|<class>|lava
BK.d|nb|<description>|lavamark mer eller mindre intakte avsetninger av lava, tefra og slagg
DD.0|en|<class>|lower sublitoral
DD.0|en|<description>|Atlantic water in the lower sublitoral
DD.0|nb|Depth|<700m
DD.0|nb|<class>|nedre sublitoral
DD.0|nb|<description>|atlantisk vann i nedre sublitoral
DD.0|nb|Dybde|<700m
DD.a|en|<class>|bathypelagic
DD.a|en|<description>|Atlantic waters in bathypelagic and bathyal
DD.a|en|Depth|>700m
DD.a|nb|<class>|bathypelagial
DD.a|nb|<description>|atlantisk vann i bathypelagial og bathyal
DD.a|nb|Dybde|>700m
DL.0|en|<class>|the tidal belt
DL.0|en|<description>|in periods exposed to direct light
DL.0|en|The Marine Life Information Network|eulitoral
DL.0|en|Depth|-
DL.0|nb|<class>|tidevannsbeltet
DL.0|nb|<description>|i perioder eksponert for direkte lys
DL.0|nb|The Marine Life Information Network|eulitoral
DL.0|nb|Dybde|-
DL.a|en|<class>|seafront belt
DL.a|en|<description>|around and just below lower astronomical spring targets, light not production limiting
DL.a|en|The Marine Life Information Network|sublitoral fringe
DL.a|en|Depth|0-3m
DL.a|nb|<class>|sjøkant-beltet
DL.a|nb|<description>|omkring og like under nedre astronomiske fjæremål, lys ikke produksjonsbegrensende 
DL.a|nb|The Marine Life Information Network|sublitoral fringe
DL.a|nb|Dybde|0-3m
DL.b|en|<class>|vascular plant and kelp forest belt
DL.b|en|<description>|production of organic matter greater than decomposition (respiration); the light also contains long-wave red rays that are absorbed in relatively shallow water; long-wave light occurs in such large quantities that even vascular plants can live upper infralitoral
DL.b|en|The Marine Life Information Network|upper infralitoral
DL.b|en|Depth|3-8m
DL.b|nb|<class>|karplante- og tareskogsbeltet
DL.b|nb|<description>|produksjon av organisk materiale større enn nedbrytningen (respirasjonen); lyset inneholder også langbølgete røde stråler som absorberes på relativt grunt vann; langbølget lys forekommer i så store mengder at også karplanter kan leve
DL.b|nb|The Marine Life Information Network|upper infralitoral
DL.b|nb|Dybde|3-8m
DL.c|en|<class>|the kelp forest belt
DL.c|en|<description>|production still greater than decomposition, but long-wave radiation is limited; brown and green algae (in freshwater also bogs) can still dominate
DL.c|en|The Marine Life Information Network|lower infralitoral
DL.c|en|Depth|8-13m
DL.c|nb|<class>|tareskogbeltet
DL.c|nb|<description>|produksjon fortsatt større enn nedbrytningen, men langbølget stråling er begrenset; brun- og grønnalger (i ferskvann også moser) kan fortsatt dominere
DL.c|nb|The Marine Life Information Network|lower infralitoral
DL.c|nb|Depth|8-13m
DL.d|en|<class>|the red algae belt
DL.d|en|<description>|production still greater than the decomposition, but the light is dominated by short-wave rays (including green) and the algae vegetation is therefore limited to red algae but leaf-shaped red algae can dominate
DL.d|en|The Marine Life Information Network|upper circalitoral
DL.d|en|Depth|13-30m
DL.d|nb|<class>|rødalgebeltet
DL.d|nb|<description>|produksjon fortsatt større enn nedbrytningen, men lyset er dominert av kortbølgete stråler (bl.a. grønne) og algevegetasjonen begrenser seg derfor til rødalger men bladformete rødalger kan dominere
DL.d|nb|The Marine Life Information Network|upper circalitoral
DL.d|nb|Dybde|13-30m
DL.e|en|<class>|upper aphotic belt
DL.e|en|<description>|production of organic material less than decomposition (respiration), light radiation <0.3–1 (–10)% of the radiation at the water surface; only scattered occurrence of algae
DL.e|en|The Marine Life Information Network|lower circalitoral
DL.e|en|Depth|30-80m
DL.e|nb|<class>|upper aphotic belt
DL.e|nb|<description>|produksjon av organisk materiale mindre enn nedbrytningen (respirasjonen), lysinnstråling < 0.3–1(–10) % av strålingen ved vannoverflata; bare spredt forekomst av alger
DL.e|nb|The Marine Life Information Network|lower circalitoral
DL.e|nb|Dybde|30-80m
DL.+|en|<class>|lower aphotic belts
DL.+|en|<description>|the light attenuation is so strong that plants are missing [‘depth gradient’ continues as DM]
DL.+|en|The Marine Life Information Network|offshore circalitoral
DL.+|en|Depth|>80m
DL.+|nb|<class>|nedre afotiske belter
DL.+|nb|<description>|lyssvekkingen er så sterk at planter mangler [‘dybdegradienten’ fortsetter som DM]
DL.+|nb|The Marine Life Information Network|offshore circalitoral
DL.+|nb|Dybde|>80m
DM.0|en|<class>|upper sublitoral (epipelagial)
DM.0|en|<description>|great environmental variability; euphotic and upper aphotic belt, typically connected to the coast and coastal bodies of water [sublitoral belt; down to approx. 200 m]
DM.0|en|Depth|<200m
DM.0|en|Temperature|variable
DM.0|nb|<class>|øvre sublitoral (epipelagial)
DM.0|nb|<description>|stor miljøvariabilitet; eufotisk og øvre afotisk belte, typisk koblet til kysten og kystvannmasser [sublitoral belte; ned til ca. 200 m]
DM.0|nb|Dybde|<200m
DM.0|nb|Temperatur|variabel
DM.a|en|<class>|Atlantic waters, typically in the lower sublitoral (mesopelagial)
DM.a|en|<description>|fairly high environmental variability; atlantic waters and mesopelagic belt
DM.a|en|Depth|200m-(500m)-700m
DM.a|en|Temperature|2-8
DM.a|nb|<class>|atlantisk vann, typisk i nedre sublitoral (mesopelagial)
DM.a|nb|<description>|nokså stor miljøvariabilitet; atlantiske vannmasser og mesopelagisk belte
DM.a|nb|Dybde|200m-(500m)-700m
DM.a|nb|Temperatur|2-8
DM.b|en|<class>|intermediate water, typically in the upper bathyal (bathypelagial)
DM.b|en|<description>|intermediate bodies of water and the upper part of the bathypelagic belt
DM.b|en|Depth|700m-1000m(-1100m)
DM.b|en|Temperature|0-2
DM.b|nb|<class>|intermediært vann, typisk i øvre bathyal (bathypelagial)
DM.b|nb|<description>|intermediære vannmasser og øvre del av bathypelagisk belte
DM.b|nb|Dybde|700m-1000m(-1100m)
DM.b|nb|Temperatur|0-2
DM.cd|en|<class>|deep sea water, typically in the lower bathyal (bathypelagial)
DM.cd|en|<description>|fairly stable environment; deep-sea bodies of water and bathypelagic belt
DM.cd|en|Depth|1000m-2000m
DM.cd|en|Temperature|<0
DM.cd|nb|<class>|dyphavsvann, typisk i nedre bathyal (bathypelagial)
DM.cd|nb|<description>|nokså stabilt miljø; dyphavs-vannmasser og bathypelagisk belte
DM.cd|nb|Dybde|1000m-2000m
DM.cd|nb|Temperatur|<0
DM.ef|en|<class>|deep-sea water, typically in the abyssal (abysso-pelagial)
DM.ef|en|<description>|stable environment; deep-water bodies and abyssopelagic belt, upper part
DM.ef|en|Depth|>2000m
DM.ef|en|Temperature|<-0.5
DM.ef|nb|<class>|dyphavsvann, typisk i abyssal (abysso-pelagial)
DM.ef|nb|<description>|stabilt miljø; dyphavs-vannmasser og abyssopelagisk belte, øvre del
DM.ef|nb|Dybde|>2000m
DM.ef|nb|Temperatur|<-0.5
ER.0|en|<class>|without erosion
ER.0|en|<description>|apparently good mass balance, ie balance between supply (sedimentation) and removal (erosion) of material
ER.0|nb|<class>|uten erosjonspreg
ER.0|nb|<description>|tilsynelatende god massebalanse, dvs. balanse mellom tilførsel (sedimentasjon) og fjerning (erosjon) av materiale
ER.a|en|<class>|slightly erosive
ER.a|en|<description>|slightly negative mass balance, but with a species composition that bears an observable sign of erosion
ER.a|nb|<class>|litt erosjonspreget
ER.a|nb|<description>|svakt negativ massebalanse, men med artssammensetning som bærer observerbart preg av erosjon
ER.b|en|<class>|clearly erosive
ER.b|en|<description>|clearly negative mass balance; the substrate is supplied with clearly less new material by sedimentation than the amount of material eroded away; the species composition consists primarily of erosion-tolerant species
ER.b|nb|<class>|klart erosjonspreget
ER.b|nb|<description>|klart negativ massebalanse; substratet tilføres klart mindre nytt materiale ved sedimentasjon enn mengden materiale som eroderes vekk; artssammensetningen består først og fremst av erosjonstolerante arter
ER.¤|en|<class>|characterized by disruptive erosion
ER.¤|en|<description>|erosion with such a high intensity (combination of strong disturbance and high disturbance frequency) that the establishment and maintenance of permanent populations of site-associated organisms is prevented
ER.¤|nb|<class>|preget av disruptiv erosjon
ER.¤|nb|<description>|erosjon med så høy intensitet (kombinasjon av sterk forstyrrelsesgrad og høy forstyrrelsesfrekvens) at etablering og opprettholdelse av permanente populasjoner av stedstilknyttete organismer forhindres
FK.0|en|<class>|normally circulating water
FK.0|en|<description>|encompasses the full range of variation within circulating bodies of water; circulating bottom water with normal chemical composition
FK.0|nb|<class>|normalt sirkulerende vann
FK.0|nb|<description>|omfatter hele spekteret av variasjon innenfor sirkulerende vannmasser; sirkulerende bunnvann med normal kjemisk sammensetning
FK.a|en|<class>|old seawater
FK.a|en|<description>|ectogenic meromixis; bottom water containing 'fossil' salt water (from before the water body was separated from the sea)
FK.a|nb|<class>|gammelt havvann
FK.a|nb|<description>|ektogen meromiksis; bunnvann som inneholder med 'fossilt' saltvann (fra før vannforekomsten ble skilt fra havet)
FK.b|en|<class>|saline spring water
FK.b|en|<description>|crenogenic meromixis; bottom water supplied with saline spring water
FK.b|nb|<class>|saltholdig kildevann
FK.b|nb|<description>|krenogen meromiksis; bunnvann som tilføres saltholdig kildevann
FK.c|en|<class>|ferrous groundwater
FK.c|en|<description>|biogenic / endogenous meromixis; bottom water with reducing conditions and high concentrations of dissolved iron salts
FK.c|nb|<class>|jernholdig bunnvann
FK.c|nb|<description>|biogen/endogen meromiksis; bunnvann med reduserende forhold og høye konsentrasjoner av oppløste jernsalter
FK.d|en|<class>|bottom water with a high lime content
FK.d|en|<description>|biogenic / endogenous meromixis; high salt concentrations and CO2- and CH4-rich groundwater after precipitation of lime
FK.d|nb|<class>|bunnvann med høyt kalkinnhold
FK.d|nb|<description>|biogen/endogen meromiksis; høye saltkonsentrasjoner og CO2- og CH4-rikt bunnvann etter utfelling av kalk
FK.e|en|<class>|humus-rich bottom water
FK.e|en|<description>|biogenic / endogenous meromixis; high salt concentrations and CO2- and CH4-rich groundwater due to large supply of humus
FK.e|nb|<class>|humusrikt bunnvann
FK.e|nb|<description>|biogen/endogen meromiksis; høye saltkonsentrasjoner og CO2- og CH4-rikt bunnvann pga. stor tilførsel av humus
FR.0|en|<class>|normal
FR.0|en|<description>|flood regime characterized by a clear flood peak in the spring during the snowmelt, with a duration of up to a few weeks, and smaller and / or more short-term flood peaks after heavy and / or prolonged rainy episodes
FR.0|nb|<class>|normalt
FR.0|nb|<description>|flomregime som kjennetegnes ved en tydelig flomtopp om våren under snøsmeltingen, med inntil noen ukers varighet, og mindre og/eller mer kortvarige flomtopper etter kraftige og/eller langvarige regnværsepisoder
FR.a|en|<class>|prolonged flooding
FR.a|en|<description>|flood regime characterized by flooding through late winter and spring lasting several months and drying throughout the summer, often also severe dehydration of the field
FR.a|nb|<class>|langvarig oversvømmelse
FR.a|nb|<description>|flomregime som kjennetegnes ved oversvømming gjennom seinvinteren og våren som varer flere måneder og tørrlegging gjennom hele sommeren, ofte også sterk uttørking av marka
GS.0|en|<class>|outside the cave
GS.0|en|<description>|no shielding; habitat without protection against precipitation and other precipitation from above
GS.0|nb|<class>|utenfor grotte
GS.0|nb|<description>|ingen skjerming; levested uten skjerming mot nedbør og annet nedfall ovenfra
GS.a|en|<class>|overhang
GS.a|en|<description>|overhangs under rocks, slopes etc. (slope> 90 °; cavities extending 0–5 m inwards); strongly affected by the environment outside the cave but not directly affected by precipitation and other precipitation from above
GS.a|nb|<class>|overheng
GS.a|nb|<description>|overheng under berg, hellere etc. (helning > 90 °; hulrom som strekker seg 0–5 m innover); sterkt påvirket av miljøet utenfor grotta men ikke direkte påvirket av nedbør og annet nedfall ovenfra
GS.b|en|<class>|outer parts of deep cave
GS.b|en|<description>|fairly strong shielding; significantly affected by fluctuations in the environment outside the cave and usable illuminated
GS.b|nb|<class>|ytre deler av dyp grotte
GS.b|nb|<description>|nokså sterk skjerming; i betydelig grad påvirket av svingninger i miljøet utenfor grotta og brukbart opplyst
GS.cd|en|<class>|middle parts of deep cave
GS.cd|en|<description>|strong shielding; middle part of deep cave or inner part of shallow cave; to some extent affected by fluctuations in the environment outside the cave and dimly lit; An important limit (towards step ¤) is where there is no longer enough light for mosses to grow
GS.cd|nb|<class>|midtre deler av dyp grotte
GS.cd|nb|<description>|sterk skjerming; midtre del av dyp grotte eller indre del av grunn grotte; i noen grad påvirket av svingninger i miljøet utenfor grotta og svakt opplyst; ei viktig grense (mot trinn ¤) er der det ikke lenger er lys nok til at moser kan vokse
GS.¤|en|<class>|inner parts of deep cave
GS.¤|en|<description>|very strong shielding; where the environment is not affected by fluctuations in the environment outside the cave
GS.¤|nb|<class>|indre deler av dyp grotte
GS.¤|nb|<description>|svært sterk skjerming; der miljøet ikke påvirkes av svingninger i miljøet utenfor grotta
HF.0|en|<class>|flat rock
HF.0|en|<description>|Rocks with such a small slope that there is a risk of litter and water accumulating and resulting in 'reverse slope disturbance'
HF.0|en|Slope|<4°
HF.0|nb|<class>|flatberg
HF.0|nb|<description>|Berg med så liten helning at det fare for at strø og vann samler seg opp og resulterer i ‘omvendt helningsbetinget forstyrrelse’ 
HF.0|nb|Helning|<4°
HF.a|en|<class>|slightly sloping rock
HF.a|en|<description>|Rocks with little slope-related disturbance, ie little danger both for the accumulation of litter and water and for the loss of biomass as a result of downward forces acting on the organisms
HF.a|en|Slope|4°-60°
HF.a|nb|<class>|svakt hellende bergknaus
HF.a|nb|<description>|Berg med liten helningsbetinget forstyrrelse, dvs. liten fare både for oppsamling av strø og vann og for tap av biomasse som følge av nedadrettete krefter som virker på organismene
HF.a|nb|Helning|4°-60°
HF.b|en|<class>|strongly sloping rock
HF.b|en|<description>|Rocks with a strong slope and a significant risk of slope-related disturbance
HF.b|en|Slope|60°-80°
HF.b|nb|<class>|sterkt hellende bergknaus
HF.b|nb|<description>|Berg med sterk helning og betydelig fare for helningsbetinget forstyrrelse
HF.b|nb|Helning|60°-80°
HF.+|en|<class>|rock wall
HF.+|en|<description>|Berg med stor fare for helningsbetinget forstyrrelse
HF.+|en|Slope|80°-90°
HF.+|nb|<class>|bergvegg
HF.+|nb|<description>|Berg med stor fare for helningsbetinget forstyrrelse
HF.+|nb|Helning|80°-90°
HI.0|en|<class>|without management
HI.0|en|<description>|natural soil without grazing
HI.0|nb|<class>|uten hevdpreg
HI.0|nb|<description>|naturlig mark uten hevdpreg
HI.a|en|<class>|clearly managed
HI.a|en|<description>|natural land with clear traces of grazing, but which is not normally cleared¸ grazing forest in forest land
HI.a|nb|<class>|tydelig beitepreget
HI.a|nb|<description>|naturlig mark med tydelig spor etter beiting, men som normalt ikke ryddes¸ beiteskog i skogsmark
HI.b|en|<class>|very extensive management
HI.b|en|<description>|semi-natural land which is cleared relatively regularly, at least in part, and which bears the mark of long-term grazing, mowing and / or burning, but with moderate intensity
HI.b|nb|<class>|svært ekstensivt hevdpreg
HI.b|nb|<description>|semi-naturlig mark som relativt regelmessig ryddes, i hvert fall delvis, og som bærer preg av lang tids beiting, slått og/eller brenning, men med moderat intensitet
HI.cd|en|<class>|typically extensive management
HI.cd|en|<description>|semi-natural soil without traces of fertilization, which bears the mark of long-term grazing, mowing and / or burning [c = slightly typical extensive claim; d = strongly typical extensive character]
HI.cd|nb|<class>|typisk ekstensivt hevdpreg
HI.cd|nb|<description>|semi-naturlig mark uten spor etter gjødsling, som bærer preg av lang tids beiting, slått og/eller brenning [c = svakt typisk ekstensivt hevdpreg; d = sterkt typisk ekstensivt hevdpreg]
HI.e|en|<class>|extensive character with a weak touch of fertilization
HI.e|en|<description>|semi-natural soil with traces of fertilization, but which nevertheless has a strong element of species with little or moderate tolerance to fertilization
HI.e|nb|<class>|ekstensivt hevdpreg med svakt preg av gjødsling
HI.e|nb|<description>|semi-naturlig mark med spor etter gjødsling, men som likevel har et sterkt innslag av arter med liten eller moderat toleranse overfor gjødsling
HI.fg|en|<class>|slightly intense management
HI.fg|en|<description>|heavily altered land which is often fertilized regularly, which may have sown agricultural crops, which may be sprayed and which may have traces of plowing
HI.fg|nb|<class>|litt intensivt hevdpreg
HI.fg|nb|<description>|sterkt endret mark som gjerne blir gjødslet regelmessig, som kan ha innsådde jordbruksvekster, som kan bli sprøytet og som kan ha spor etter pløying
HI.hi|en|<class>|rather intense management
HI.hi|en|<description>|heavily altered land that has been cleared, plowed and adapted for mechanical harvesting
HI.hi|nb|<class>|temmelig intensivt hevdpreg
HI.hi|nb|<description>|sterkt endret mark som er ryddet, pløyd og tilrettelagt for maskinell høsting
HI.j|en|<class>|very intense management
HI.j|en|<description>|heavily altered, fully cultivated land
HI.j|nb|<class>|svært intensivt hevdpreg
HI.j|nb|<description>|sterkt endret, fulldyrket mark
HR.0|en|<class>|grazing and / or mowing
HR.0|en|<description>|livestock grazing or mowing or, most often, a combination of these
HR.0|nb|<class>|lyngbrenning
HR.0|nb|<description>|regelmessig foryngelse av det lyngdominerte feltsjiktet gjennom kontrollert avsviing, i kombinasjon med beiting hele eller store deler av året og eventuelt også slått
HR.a|en|<class>|heather burning
HR.a|en|<description>|regular rejuvenation of the heather-dominated field layer through controlled weaning, in combination with grazing all or large parts of the year and possibly also mowing
HR.a|nb|<class>|lyngbrenning
HR.a|nb|<description>|regelmessig foryngelse av det lyngdominerte feltsjiktet gjennom kontrollert avsviing, i kombinasjon med beiting hele eller store deler av året og eventuelt også slått
HU.0|en|<class>|very clear
HU.0|en|<description>|oligohumous
HU.0|en|Pt/L|<10mg
HU.0|en|total content of organic material per litre|<2mg
HU.0|nb|<class>|svært klar
HU.0|nb|<description>|oligohumøs
HU.0|nb|Pt/L|<10mg
HU.0|nb|totalinnhold av organisk materiale per liter|<2mg
HU.a|en|<class>|clear
HU.a|en|<description>|mesohumous
HU.a|en|Pt/L|10mg-30mg
HU.a|en|total content of organic material per litre|2mg-5mg
HU.a|nb|<class>|klar
HU.a|nb|<description>|mesohumøs, pp.
HU.a|nb|Pt/L|10mg-30mg
HU.a|nb|totalinnhold av organisk materiale per liter|2mg-5mg
HU.b|en|<class>|intermediate
HU.b|en|<description>|mesohumous
HU.b|en|Pt/L|30mg-45mg
HU.b|en|total content of organic material per litre|5mg-10mg
HU.b|nb|<class>|intermediær
HU.b|nb|<description>|mesohumøs, pp.
HU.b|nb|Pt/L|30mg-45mg
HU.b|nb|totalinnhold av organisk materiale per liter|5mg-10mg
HU.c|en|<class>|humus
HU.c|en|<description>|polyhumous
HU.c|en|Pt/L|45mg-90mg
HU.c|en|total content of organic material per litre|10mg-15mg
HU.c|nb|<class>|humøs
HU.c|nb|<description>|polyhumøs, pp.
HU.c|nb|Pt/L|45mg-90mg
HU.c|nb|totalinnhold av organisk materiale per liter|10mg-15mg
HU.d|en|<class>|very humorous
HU.d|en|<description>|polyhumous
HU.d|en|Pt/L|>90mg
HU.d|en|total content of organic material per litre|>15mg
HU.d|nb|<class>|svært humøs
HU.d|nb|<description>|polyhumøs, pp.
HU.d|nb|Pt/L|>90mg
HU.d|nb|totalinnhold av organisk materiale per liter|>15mg
IF.0|en|<class>|without ice disturbance
IF.0|en|<description>|without visible traces of ice erosion (on species composition)
IF.0|nb|<class>|uten isforstyrrelsespreg
IF.0|nb|<description>|uten synlige spor etter iserosjon (på artssammensetningen)
IF.a|en|<class>|slightly ice-disturbing
IF.a|en|<description>|weak but observable sign of ice erosion
IF.a|nb|<class>|litt isforstyrrelsespreget
IF.a|nb|<description>|svakt, men observerbart preg av iserosjon
IF.b|en|<class>|clearly ice disturbance
IF.b|en|<description>|clear signs of ice erosion and / or other ice-related disturbance (ice freezing); in ice erosion, less substrate material is added to the substrate by sedimentation than the amount of material eroded away; species composition without or with sparse elements of perennial species
IF.b|nb|<class>|klart isforstyrrelsespreget
IF.b|nb|<description>|klart preg av iserosjon og/eller annen isbetinget forstyrrelse (isinnfrysing); ved iserosjon tilføres substratet mindre nytt materiale ved sedimentasjon enn mengden materiale som eroderes vekk; artssammensetning uten eller med sparsomt innslag av flerårige arter
IF.¤|en|<class>|characterized by disruptive ice disturbance
IF.¤|en|<description>|without stable species composition
IF.¤|nb|<class>|preget av disruptiv isforstyrrelse
IF.¤|nb|<description>|uten stabil artssammensetning
IO.0|en|<class>|predominantly inorganic soil / ground
IO.0|en|<description>|soil / ground which consists almost exclusively of inorganic material; bedrock and sediments
IO.0|en|dead weight (g/cm3)|> 2.0
IO.0|en|% organic matter|< 10
IO.0|nb|<class>|overveiende uorganisk mark/bunn
IO.0|nb|<description>|mark/bunn som nesten utelukkende består av uorganisk materiale; berggrunn og sedimenter
IO.0|nb|egenvekt (g/cm3)|> 2,0
IO.0|nb|% organisk materiale|< 10
IO.a|en|<class>|soil / ground with some organic material
IO.a|en|<description>|soil / bottom with some admixture of organic material
IO.a|en|dead weight (g/cm3)|1.2 - 2.0
IO.a|en|% organic matter|10 - 30
IO.a|nb|<class>|mark/bunn med litt organisk materiale
IO.a|nb|<description>|mark/bunn med en viss innblanding av organisk materiale
IO.a|nb|egenvekt (g/cm3)|1,2 - 2,0
IO.a|nb|% organisk materiale|10 - 30
IO.b|en|<class>|soil / ground with a lot of organic material
IO.b|en|<description>|soil / ground with a high content of organic material
IO.b|en|dead weight (g/cm3)|< 1.2
IO.b|en|% organic matter|30 - 90
IO.b|nb|<class>|mark/bunn med mye organisk materiale
IO.b|nb|<description>|mark/bunn med høyt innhold av organisk materiale
IO.b|nb|egenvekt (g/cm3)|< 1,2
IO.b|nb|% organisk materiale|30 - 90
IO.¤|en|<class>|predominantly organic soil / ground
IO.¤|en|<description>|soil / ground that contains almost exclusively organic material
IO.¤|en|dead weight (g/cm3)|-
IO.¤|en|% organic matter|> 90
IO.¤|nb|<class>|overveiende organisk mark/bunn
IO.¤|nb|<description>|mark/bunn som nesten utelukkende inneholder organisk materiale
IO.¤|nb|egenvekt (g/cm3)|-
IO.¤|nb|% organisk materiale|> 90
JF.0|en|<class>|stable soil
JF.0|en|<description>|without visible traces of soil flow (on species composition)
JF.0|nb|<class>|stabil jord
JF.0|nb|<description>|uten synlige spor etter jordflyt (på artssammensetningen) 
JF.a|en|<class>|observable sign of soil flow
JF.a|en|<description>|faint but observable sign of soil flow; is primarily reflected in a reduced amount of woody plants and other species with low tolerance to soil flow
JF.a|nb|<class>|observerbart preg av jordflyt
JF.a|nb|<description>|svakt, men observerbart preg av jordflyt; gir seg først og fremst utslag i redusert mengde av vedvekster og andre arter med lav toleranse overfor jordflyt
JF.b|en|<class>|floating ground
JF.b|en|<description>|floating soil with dominance of species that have a high tolerance to soil flow (small liverworts, some leaf bogs and lichen), while woody plants and species with low tolerance to soil flow more or less lack
JF.b|nb|<class>|flytjord
JF.b|nb|<description>|flytjordsmark med dominans av arter som har stor toleranse overfor jordflyt (små levermoser, noen bladmoser og lav), mens vedvekster og arter med lav toleranse overfor jordflyt mer eller mindre mangler
JV.0|en|<class>|no geothermal influence
JV.0|en|<description>|substrate and / or water temperature not significantly higher than normal for similar locations
JV.0|en|Temperature increase (Δ˚C)|< 2
JV.0|nb|<class>|ingen jordvarmeinnflytelse
JV.0|nb|<description>|substrat- og eller vanntemperatur ikke signifikant høyere enn normalt for tilsvarende steder
JV.0|nb|Temperaturøkning (Δ˚C)|< 2
JV.a|en|<class>|observable geothermal influence
JV.a|en|<description>|observable geothermal influence
JV.a|en|Temperature increase (Δ˚C)|2 - ~10
JV.a|nb|<class>|observerbart jordvarmeinfluert
JV.a|nb|<description>|temperatur tilstrekkelig mye høyere enn omgivelsene til at forskjellen i artssammensetning er observerbar eller betydelig
JV.a|nb|Temperaturøkning (Δ˚C)|2 - ~10
JV.b|en|<class>|slightly geothermal influenced
JV.b|en|<description>|temperature sufficiently much higher than the environment for the difference in species composition to be significant
JV.b|en|Temperature increase (Δ˚C)|~10 - 25
JV.b|nb|<class>|litt jordvarmeinfluert
JV.b|nb|<description>|temperatur tilstrekkelig mye høyere enn omgivelsene til at forskjellen i artssammensetning er vesentlig
JV.b|nb|Temperaturøkning (Δ˚C)|~10 - 25
JV.c|en|<class>|rather strong geothermal influence
JV.c|en|<description>|temperature so much higher than the environment that specially adapted species (bacteria) reach their optimum
JV.c|en|Temperature increase (Δ˚C)|25 - 50
JV.c|nb|<class>|desc_nbtemmelig sterkt jordvarmeinfluert
JV.c|nb|<description>|temperatur så mye høyere enn omgivelsene til at spesialtilpassete arter (bakterier) når sitt optimum
JV.c|nb|Temperaturøkning (Δ˚C)|25 - 50
JV.de|en|<class>|very strong geothermal influence
JV.de|en|<description>|proteins are denatured; significant species thinning, but substrates up to 100 ˚C may have communities of specially adapted bacteria
JV.de|en|Temperature increase (Δ˚C)|50 - 100
JV.de|nb|<class>|svært sterkt jordvarmeinfluert
JV.de|nb|<description>|proteiner denatureres; betydelig artsuttynning, men substrater opp til 100 ˚C kan ha samfunn av spesialtilpassete bakterier
JV.de|nb|Temperaturøkning (Δ˚C)|50 - 100
JV.¤|en|<class>|disruptive geothermal influence
JV.¤|en|<description>|without adhering organisms
JV.¤|en|Temperature increase (Δ˚C)|> 100
JV.¤|nb|<class>|disruptiv jord-varmeinnflytelse
JV.¤|nb|<description>|uten fastsittende organismer
JV.¤|nb|Temperaturøkning (Δ˚C)|> 100
KA.a|en|<class>|very low in calcium
KA.a|en|<description>|in woodland characterized by a small species pool with common, frugal and widespread species and occurrence of typical podsol profiles; soil typically formed by quartzite and sparagmite (and gneiss and granite; anorthosite in southwestern Norway)
KA.a|nb|<class>|svært kalkfattig
KA.a|nb|<description>|i skogsmark karakterisert ved liten artspool med vanlige, nøysomme og vidt utbredte arter og forekomst av typiske podsolprofiler; jord typisk dannet av kvartsitt og sparagmitt (og gneis og granitt; anortositt på Sørvestlandet)
KA.bc|en|<class>|fairly / slightly low in calcium
KA.bc|en|<description>|in woodland characterized by the presence of typical podsol profiles; soil typically formed by gneiss and granite (bedrock)
KA.bc|nb|<class>|temmelig/litt kalkfattig
KA.bc|nb|<description>|i skogsmark karakterisert ved forekomst av typiske podsolprofiler; jord typisk dannet av gneis og granitt (grunnfjellsbergarter)
KA.b|en|<class>|rather low in calcium
KA.b|nb|<class>|temmelig kalkfattig
KA.c|en|<class>|slightly low in calcium
KA.c|nb|<class>|litt kalkfattig
KA.de|en|<class>|weak / strong intermediate
KA.de|en|<description>|in woodland characterized by the presence of podsol-like soil profiles; soil typically formed by poorer shale rocks, amphibolite and sandstone
KA.de|nb|<class>|svak/sterk intermediær
KA.de|nb|<description>|i skogsmark karakterisert ved forekomst av podsol-liknende jordprofiler; jord typisk dannet av fattigere skiferbergarter, amfibolitt og sandstein
KA.d|en|<class>|weak intermediate
KA.d|nb|<class>|svak intermediær
KA.e|en|<class>|strong intermediate
KA.e|nb|<class>|sterk intermediær
KA.fg|en|<class>|slightly / rather calcareous
KA.fg|en|<description>|in forest land characterized by the presence of real brown soil profiles; soil typically formed by mica shale and fillites
KA.fg|nb|<class>|litt/temmelig kalkrik
KA.fg|nb|<description>|i skogsmark karakterisert ved forekomst av ekte brunjordsprofiler; jord typisk dannet av glimmerskifer og fyllitter
KA.f|en|<class>|a little calcareous
KA.f|nb|<class>|litt kalkrik
KA.g|en|<class>|rather calcareous
KA.g|nb|<class>|temmelig kalkrik
KA.hi|en|<class>|very / extremely calcareous
KA.hi|en|<description>|characterized by the occurrence of a very large species pool with many less common species; soils typically formed of pure carbonate rocks such as limestone, dolomite and marble; the extreme step (i) comprises sites with direct influence from carbonate rocks, e.g. naked limestone mountain
KA.hi|nb|<class>|svært/ekstremt kalkrik
KA.hi|nb|<description>|karakterisert ved forekomst svært stor artspool med mange mindre vanlige arter; jord typisk dannet av reine karbonatbergarter som kalkstein, dolomitt og marmor; ekstremtrinnet (i) omfatter steder med direkte innflytelse fra karbonatbergarter, f.eks. nakent kalkberg
KA.h|en|<class>|very calcareous
KA.h|nb|<class>|svært kalkrik
KA.i|en|<class>|extremely calcareous
KA.i|nb|<class>|ekstremt kalkrik
KI.0|en|<class>|no source water impact
KI.0|en|<description>|stagnant groundwater (topogenic or topo-limnogenic water supply in wetland systems) or no regular supply of groundwater or moving surface water (normal solid state systems)
KI.0|nb|<class>|ingen kildevannspåvirkning
KI.0|nb|<description>|stagnerende grunnvann (topogen eller topo-limnogen vanntilførsel i våtmarkssystemer) eller ingen regelmessig tilførsel av grunnvann eller bevegelig overflatevann (normale fastmarkssystemer)
KI.a|en|<class>|observable spring water impact
KI.a|en|<description>|supply of moving groundwater without spring water properties (sunny water supply to wetland systems) or regular supply of moving surface water (solid ground systems), but not sufficient for the spring water impact of the species composition to be observable
KI.a|nb|<class>|observerbar kildevannspåvirkning
KI.a|nb|<description>|tilførsel av bevegelig grunnvann uten kildevannsegenskaper (soligen vanntilførsel til våtmarkssystemer) eller regelmessig tilførsel av bevegelig overflatevann (fastmarkssystemer), men ikke tilstrekkelig til at kildevannspåvirkningen av artssammensetningen er observerbar
KI.bc|en|<class>|weak spring water impact
KI.bc|en|<description>|weak spring water impact, but sufficient to give, but sufficient to have an observable effect on the species composition (marked flush effect indicating supply of moving groundwater with spring water properties in mainland systems; spring bogs in wetland systems); = slightly rheogenic soil moisture; in woodland and meadow systems large fern and perennial forest / meadow
KI.bc|nb|<class>|svak kildevanns-påvirkning
KI.bc|nb|<description>|svak kildevannspåvirkning, men tilstrekkelig til å gi, men tilstrekkelig til å ha observerbar effekt på artssammen-setningen (markert flush-effekt som indikerer tilførsel av bevegelig grunnvann med kildevannsegenskaper i fastmarkssystemer; kildemyr i våtmarkssystemer); = svakt rheogen markfukting; i skogsmarks- og engsystemer storbregne- og høgstaudeskog/-eng
KI.d|en|<class>|clear spring water impact (weak source)
KI.d|en|<description>|clear spring water impact, but strong enough to give rise to a wetland system to be typified as a source, but the source is diffuse and weak; = rather weak rheogenic soil moisture
KI.d|nb|<class>|klar kildevannspåvirkning (svak kilde)
KI.d|nb|<description>|klar kildevannspåvirkning, men sterk nok til å gi opphav til et våtmarkssystem som skal typifiseres som kilde, men kilden er diffus og svak; = nokså svak rheogen markfukting  
KI.e|en|<class>|rather strong spring water impact [unstable (astatic) source]
KI.e|en|<description>|very clear spring water impact, strong enough to give rise to a wetland system to be typified as a source; the source is marked as a clear emergence, but without a stable water supply and / or stable temperature; = astatic source, fairly strong rheogenic soil moisture
KI.e|nb|<class>|temmelig sterk kildevannspåvirkning [ustabil (astatisk) kilde]
KI.e|nb|<description>|meget klar kildevannspåvirkning, sterk nok til å gi opphav til et våtmarkssystem som skal typifiseres som kilde; kilden er markert som et tydelig oppkomme, men uten stabil vanntilførsel og/eller stabil temperatur; = astatisk kilde, nokså sterk rheogen markfukting
KI.¤|en|<class>|very strong spring water impact [stable (eustatic) source]
KI.¤|en|<description>|strong (eustatic) source; continuous flow of spring water with almost constant temperature (close to the annual average temperature in the area; = strong rheogenic soil moisture
KI.¤|nb|<class>|svært sterk kildevannspåvirkning [stabil (eustatisk) kilde]
KI.¤|nb|<description>|sterk (eustatisk) kilde; kontinuerlig framspring av kildevann med tilnærmet konstant temperatur (nær årsmiddeltemperaturen i området; = sterk rheogen markfukting
KO.0|en|<class>|isolated
KO.0|en|<description>|water body that is not connected to a major watercourse through an outlet stream or river
KO.0|nb|<class>|isolert
KO.0|nb|<description>|vannforekomst som ikke er forbundet med et større vassdrag gjennom en utløpsbekk eller -elv
KO.¤|en|<class>|part of a larger water system
KO.¤|en|<description>|water body connected to a larger watercourse through an outlet stream or river
KO.¤|nb|<class>|del av større vannsystem
KO.¤|nb|<description>|vannforekomst som er forbundet med et større vassdrag gjennom en utløpsbekk eller -elv
KT.a|en|<class>|basic source
KT.a|en|<description>|concentrated water projection (emergence) surrounded by solid ground (= power source, rheokren)
KT.a|nb|<class>|grunnkilde
KT.a|nb|<description>|konsentrert vannframspring (oppkomme) omgitt av fastmark (= strømkilde, rheokren)
KT.b|en|<class>|peatland source
KT.b|en|<description>|concentrated or diffuse spring water projection surrounded by peatland (= deep spring, swamp spring, helocene)
KT.b|nb|<class>|torvmarkskilde
KT.b|nb|<description>|konsentrert eller diffust kildevannsframspring omgitt av torvmark (= djupkilde, sumpkilde, helokren)
KT.c|en|<class>|fresh water source
KT.c|en|<description>|concentrated groundwater projection below the surface in stagnant or flowing water bodies (often visible as sand or gravel moves) (dam, river and lake source, limnokren)
KT.c|nb|<class>|ferskvannskilde 
KT.c|nb|<description>|konsentrert grunnvannsframspring under overflata i stillestående eller rennende vannforekomst (ofte synlig ved at sand eller grus beveger seg) (dam, elve- og innsjøkilde, limnokren)
KT.d|en|<class>|water- and gas-bearing cold sea source
KT.d|en|<description>|outflow of water and / or gas (CH4, H2S, H2, CO2) on saline bottoms, with an intensity that is not sufficient to carry large amounts of sediment material
KT.d|nb|<class>|vann- og gassførende kald havkilde
KT.d|nb|<description>|utstrømming av vann og/eller gass (CH4, H2S, H2, CO2) på saltvannsbunn, med en intensitet som ikke er tilstrekkelig til å føre med seg større mengder sedimentmateriale
KT.e|en|<class>|mud-bearing cold sea source
KT.e|en|<description>|concentrated outflow of water, gas (mostly CH4) and gas-filled clay which causes strong sedimentation of the area around the outflow point
KT.e|nb|<class>|mudderførende kald havkilde
KT.e|nb|<description>|konsentrert utstrømming av vann, gass (mest CH4) og gassfylt leire som medfører sterk sedimentasjon av området omkring utstrømmingspunktet
KT.f|en|<class>|magmatic sea source
KT.f|en|<description>|concentrated outflow of gas, water and / or magma (liquid rock) from the earth's interior, leading to the formation of a new seabed
KT.f|nb|<class>|magmaførende havkilde
KT.f|nb|<description>|konsentrert utstrømming av gass, vann og/eller magma (flytende stein) fra jordas indre, som fører til dannelse av ny havbunn
KY.0|en|<class>|sea-connected
KY.0|en|<description>|oceanic; which has its main residence in the seawater masses
KY.0|nb|<class>|havtilknyttet
KY.0|nb|<description>|oseanisk; som har hovedoppholdssted i havvannmassene
KY.a|en|<class>|coastal
KY.a|en|<description>|neritic; which has its main residence in the coastal bodies of water
KY.a|nb|<class>|kysttilknyttet
KY.a|nb|<description>|nerittisk; som har hovedoppholdssted i kystvannmassene
LA.0|en|<class>|initial phase
LA.0|en|<description>|with intact signs of extensive disturbance
LA.0|en|Species accumulation index|<0.1
LA.0|nb|<class>|initialfase
LA.0|nb|<description>|med intakt preg av omfattende forstyrrelse
LA.0|nb|Artsakkumuleringsindeks|<0,1
LA.ab|en|<class>|colonization phase
LA.ab|en|<description>|colonization of the substrate in progress, no still no indications of establishment of processes typical of natural soil (the expected state of post-succession)
LA.ab|en|Species accumulation index|0.1-0.25
LA.ab|nb|<class>|koloniseringsfase
LA.ab|nb|<description>|kolonisering av substratet pågår, ingen fortsatt ingen indikasjoner på etablering av prosesser typisk for naturlig mark (den forventete ettersuksesjonstilstanden)
LA.ab|nb|Artsakkumuleringsindeks|0,1-0,25
LA.cd|en|<class>|establishment phase
LA.cd|en|<description>|incipient establishment of a system of natural soil, but most species typical of the post-succession state are missing; Some ecological processes that are typical of natural soil may be established
LA.cd|en|Species accumulation index|0.25-0.5
LA.cd|nb|<class>|etableringsfase
LA.cd|nb|<description>|begynnende etablering av et system med naturlig mark, men de fleste artene som er typisk for ettersuksesjonstilstanden mangler; enkelte økologiske prosesser som er typisk for naturlig mark kan være etablert
LA.cd|nb|Artsakkumuleringsindeks|0,25-0,5
LA.ef|en|<class>|consolidation phase
LA.ef|en|<description>|artssammensetning mer eller mindre dominert av arter typisk for ettersuksesjonstilstanden; prosesser som kjennetegner naturlig mark er tydelig observerbare og artssammensetningen er, eller begynner å bli, strukturert av lokale komplekse miljøvariabler; ett helhetlig økosystem kan være etablert, men dette vil over tid fortsette å endres, f.eks. ved jordsmonnsoppbygging
LA.ef|en|Species accumulation index|0.5-0.9
LA.ef|nb|<class>|konsolideringsfase
LA.ef|nb|<description>|artssammensetning mer eller mindre dominert av arter typisk for ettersuksesjonstilstanden; prosesser som kjennetegner naturlig mark er tydelig observerbare og artssammensetningen er, eller begynner å bli, strukturert av lokale komplekse miljøvariabler; ett helhetlig økosystem kan være etablert, men dette vil over tid fortsette å endres, f.eks. ved jordsmonnsoppbygging
LA.ef|nb|Artsakkumuleringsindeks|0,5-0,9
LA.+|en|<class>|post-succession phase
LA.+|en|<description>|without clear indications that changes that may be related to previous disturbance are still taking place; species composition more or less without species not typical of the post-succession condition; holistic system characterized by processes typical of natural soil
LA.+|en|Species accumulation index|>0.9
LA.+|nb|<class>|ettersuksesjonsfase
LA.+|nb|<description>|uten tydelige indikasjoner på at endringer som kan relateres til tidligere forstyrrelse fortsatt finner sted; artssammensetning mer eller mindre uten arter som ikke er typisk for ettersuksesjons¬tilstanden; helhetlig system kjennetegnet av prosesser som er typisk for naturlig mark
LA.+|nb|Artsakkumuleringsindeks|>0,9
LK.0|en|<class>|living coral reefs
LK.0|en|<description>|coral reefs dominated by living rock corals
LK.0|nb|<class>|levende korallrev
LK.0|nb|<description>|korallrev dominert av levende steinkoraller
LK.+|en|<class>|dead coral reef
LK.+|en|<description>|coral reefs dominated by dead rock corals
LK.+|nb|<class>|dødt korallrev
LK.+|nb|<description>|korallrev dominert av døde steinkoraller
MB.0|en|<class>|not regularly processed
MB.0|en|<description>|land that is not regularly plowed, harrowed or similar (within heavily altered agricultural land: permanent meadow)
MB.0|nb|<class>|ikke regelmessig bearbeidet
MB.0|nb|<description>|mark som ikke regelmessig pløyes, harves eller liknende (innenfor sterkt endret jordbruksmark: varig eng)
MB.+|en|<class>|regularly processed
MB.+|en|<description>|land that is cultivated (plowed, harrowed or similar) regularly (within heavily altered agricultural land: fields)
MB.+|nb|<class>|regelmessig bearbeidet
MB.+|nb|<description>|mark som bearbeides (pløyes, harves eller liknende) regelmessig (innenfor sterkt endret jordbruksmark: åker)
MF.0|en|<class>|solid ground
MF.0|en|<description>|areas which by definition belong to mainland systems
MF.0|nb|<class>|fastmark
MF.0|nb|<description>|områder som etter definisjonen tilhører fastmarkssystemer
MF.ab|en|<class>|bog and swamp forest land
MF.ab|en|<description>|woodland on peatland
MF.ab|nb|<class>|myr- og sumpskogsmark
MF.ab|nb|<description>|skogsmark på torvmark
MF.cd|en|<class>|open mire edge
MF.cd|en|<description>|open peatland (bog) with dominance of species that are also found on solid ground or that are often associated with parts of the bog close to the mainland (so-called ‘mire edge species’)
MF.cd|nb|<class>|åpen myrkant
MF.cd|nb|<description>|åpen torvmark (myr) med dominans av arter som også finnes på fastmark eller som ofte er knyttet til fastmarksnære deler av myra (såkalte ‘myrkantarter’)
MF.ef|en|<class>|open mire expanse
MF.ef|en|<description>|open peatland (bog) with dominance of species that are not found on solid ground and that shepherd near the mainland cover of the bog (so-called ‘bog expanse species’)
MF.ef|nb|<class>|åpen myrflate
MF.ef|nb|<description>|åpen torvmark (myr) med dominans av arter som ikke finnes på fastmark og som skyr fastmarksnære deker av myra (såkalte ‘myrflatearter’)
MX.0|en|<class>|natural soil / ground
MX.0|en|<description>|natural soil / ground
MX.0|nb|<class>|naturlig mark/bunn
MX.0|nb|<description>|naturlig mark/bunn
MX.a|en|<class>|boreal moor
MX.a|en|<description>|solid forest land that has been deforested and kept open for a long enough time that the forest land ecosystem processes no longer apply
MX.a|nb|<class>|boreal hei
MX.a|nb|<description>|fastmarksskogsmark som er avskoget og holdt åpen i lang nok tid til at skogsmarkas økosystemprosesser ikke lenger gjør seg gjeldende
NG.0|en|<class>|without natural fertilizer
NG.0|en|<description>|oligotrophic without observable effect of natural fertilization on the species composition
NG.0|nb|<class>|uten naturlig gjødslingspreg
NG.0|nb|<description>|oligotrof uten observerbar effekt av naturlig gjødsling på artssammensetningen
NG.a|en|<class>|observable natural fertilizer character
NG.a|en|<description>|oligotrophic, but with observable effect of natural fertilization on the species composition compared to nature not affected by natural fertilization
NG.a|nb|<class>|observerbart naturlig gjødslingspreget
NG.a|nb|<description>|oligotrof, men med observerbar (< 1 ØAE) effekt av naturlig gjødsling på artssammensetningen sammenliknet med natur som ikke er påvirket av naturlig gjødsling
NG.b|en|<class>|slightly naturally fertilized
NG.b|en|<description>|mesotrophic; clear fertilizer character on the species composition; in contrast to the adjoining nature which lacks this character
NG.b|nb|<class>|litt naturlig gjødslingspreget
NG.b|nb|<description>|mesotrof; tydelig gjødslingspreg på artssammensetningen; til forskjell fra tilgrensende natur som mangler dette preget
NG.c|en|<class>|rather strongly naturally fertilized
NG.c|en|<description>|eutrophic; the fertilization effect is so strong that the plant density is reduced in relation to step NG.b
NG.c|nb|<class>|temmelig sterkt naturlig gjødslingspreget
NG.c|nb|<description>|eutrof; gjødslingspåvirkningen er så sterk at planteartstettheten reduseres i forhold til trinn NG∙b
NG.d|en|<class>|very strongly naturally fertilized
NG.d|en|<description>|eutrophic; the fertilization effect is so strong that the vegetation is often dominated by a single species
NG.d|nb|<class>|svært sterkt naturlig gjødslingspreget
NG.d|nb|<description>|eutrof; gjødslingspåvirkningen er så sterk at vegetasjonen ofte er dominert av en enkelt art
NG.¤|en|<class>|over-fertilized
NG.¤|en|<description>|hypertrophyc; the effect of fertilization is so strong that plants occur only sporadically (more or less vegetation-free soil)
NG.¤|nb|<class>|overgjødslet
NG.¤|nb|<description>|hypertrof; gjødslingspåvirkningen er så sterk at planter bare sporadisk forekommer (mer eller mindre vegetasjonsfri mark)
OF.0|en|<class>|stable soil
OF.0|en|<description>|without visible traces of frost processes (on the species composition)
OF.0|nb|<class>|stabil jord
OF.0|nb|<description>|uten synlige spor etter frostprosesser (på artssammensetningen)
OF.a|en|<class>|slight freezing
OF.a|en|<description>|observable signs of frost processes; is primarily reflected in a reduced number of species with a low tolerance to the effects of frost on the field
OF.a|nb|<class>|svak oppfrysing
OF.a|nb|<description>|observerbart preg av frostprosesser; gir seg først og fremst utslag i redusert mengde av arter med lav toleranse overfor frostvirkning på marka
OF.b|en|<class>|strong freezing
OF.b|en|<description>|freezing land with dominance of species that have a high tolerance to soil agitation (small bogs on fine soil) or sparse species inventory (on rocks and blocks)
OF.b|nb|<class>|sterk oppfrysing
OF.b|nb|<description>|oppfrysingsmark med dominans av arter som har stor toleranse overfor jordomrøring (små moser på finjord) eller sparsomt artsinventar (på steiner og blokker)
OM.0|en|<class>|oxic
OM.0|en|<description>|episodes of low oxygen content (<2 ml O2 / L water) never occur
OM.0|nb|<class>|oksisk
OM.0|nb|<description>|episoder med lavt oksygeninnhold (< 2 ml O2/L vann) inntreffer aldri
OM.a|en|<class>|periodically hypoxic
OM.a|en|<description>|periodic low oxygen content (<2 ml O2 / L water) occurs at least once every 6 years; the species composition contains species with tolerance to anoxic conditions to an extent that makes it observably different from oxic environments
OM.a|nb|<class>|periodisk hypoksisk
OM.a|nb|<description>|periodisk lavt oksygeninnhold (< 2 ml O2/L vann) inntreffer minst én gang hvert 6. år; artssammensetningen inneholder arter med toleranse for anoksiske forhold i et omfang som gjør den observerbart forskjellig fra oksiske miljøer
OM.b|en|<class>|periodically anoxic
OM.b|en|<description>|periodisk oksygenmangel (oksygenfrie forhold) inntreffer minst hvert 6. år; arter med stor toleranse for anoksiske forhold dominerer
OM.b|nb|<class>|periodisk anoksisk
OM.b|nb|<description>|periodisk oksygenmangel (oksygenfrie forhold) inntreffer minst hvert 6. år; arter med stor toleranse for anoksiske forhold dominerer
OM.¤|en|<class>|anoxic
OM.¤|en|<description>|at least 6 years between each time the bottom is in contact with water with an oxygen content above the limit value of 2 ml O2 / L water; species that are sensitive to anoxic conditions are completely missing
OM.¤|nb|<class>|anoksisk
OM.¤|nb|<description>|minst 6 år mellom hver gang bunnen er i kontakt med vann med oksygeninnhold over grenseverdien 2 ml O2/L vann; arter som er følsomme for anoksiske forhold mangler fullstendig
OR.0|en|<class>|not irrigated
OR.0|en|<description>|on rock that is not or only insignificantly irrigated by surface runoff after precipitation and / or snowmelt
OR.0|nb|<class>|ikke overrislet
OR.0|nb|<description>|på berg som ikke eller bare i ubetydelig grad overrisles av overflateavrenning etter nedbør og/eller snøsmelting
OR.ab|en|<class>|leachate affected
OR.ab|en|<description>|places on rock which, due to surface runoff in periods after prolonged and / or concentrated precipitation, have a species composition that is observable or significant, but not significantly different from the species composition on rock without such surface runoff
OR.ab|nb|<class>|sigevannspåvirket
OR.ab|nb|<description>|steder på berg som på grunn av overflateavrenning i perioder etter langvarig og/eller konsentrert nedbør har en artssammensetning som er observerbart eller betydelig, men ikke vesentlig forskjellig fra artssammensetningen på berg uten slik overflateavrenning
OR.c|en|<class>|irrigated
OR.c|en|<description>|on rocks which for long periods after precipitation, e.g. due to the supply of leachate from overlying bogs, springs and / or snowdrifts, has a species composition that is significantly different from the species composition on rock without irrigation
OR.c|nb|<class>|overrislet
OR.c|nb|<description>|på berg som i lange perioder etter nedbør, f.eks. på grunn av tilførsel av sigevann fra ovenforliggende myrer, kilder og/eller snøfonner, har en artssammensetning som er vesentlig forskjellig fra artssammensetningen på berg uten overrisling
PF.0|en|<class>|without permafrost
PF.0|en|<description>|soil without permafrost
PF.0|nb|<class>|uten permafrost
PF.0|nb|<description>|mark uten permafrost
PF.a|en|<class>|permafrost with thin active layer
PF.a|en|<description>|mark der det aktive laget (over permafrost) bare er noen desimeter tykt og økosystemet sterkt preges av fryse-tineprosesser
PF.a|nb|<class>|permafrost med tynt aktivt lag
PF.a|nb|<description>|mark der det aktive laget (over permafrost) bare er noen desimeter tykt og økosystemet sterkt preges av fryse-tineprosesser
RU.0|en|<class>|without rasp character
RU.0|en|<description>|stable soil that is never affected by landslides and with a species composition that also does not indicate landslide exposure
RU.0|nb|<class>|uten raspreg
RU.0|nb|<description>|stabil mark som aldri påvirkes av ras og med en artssammensetning som heller ikke indikerer rasutsatthet
RU.a|en|<class>|observably raspy
RU.a|en|<description>|weak but observable (<1 ØAE) effect of landslide impact on species composition (compared to nature not affected by landslide); landslide-exposed forest land, mountain heath and leeward side with an observable sign of landslide impact
RU.a|nb|<class>|observerbart raspreget
RU.a|nb|<description>|svak, men observerbar (< 1 ØAE) effekt av raspåvirkning på artssammensetningen (sammenliknet med natur som ikke påvirkes av ras); rasutsatt skogsmark, fjellhei og leside med observerbart preg av raspåvirkning
RU.b|en|<class>|a little raspy
RU.b|en|<description>|clear effect of landslide on species composition; in contrast to the adjoining nature which lacks this character
RU.b|nb|<class>|litt raspreget
RU.b|nb|<description>|klar effekt av ras på artssammensetningen; til forskjell fra tilgrensende natur som mangler dette preget
RU.c|en|<class>|rather strongly raspy
RU.c|en|<description>|very clear effect of landslides on the species composition
RU.c|nb|<class>|temmelig sterkt raspreget
RU.c|nb|<description>|meget klar effekt av ras på artssammensetningen
RU.de|en|<class>|very strongly raspy
RU.de|en|<description>|the effect of landslides is so strong that clear species thinning takes place and rastolerant species dominate
RU.de|nb|<class>|svært sterkt raspreget
RU.de|nb|<description>|effekten av ras så sterk at tydelig artsuttynning finner sted og rastolerante arter dominerer
RU.¤|en|<class>|disturbingly raspy
RU.¤|en|<description>|area with such a strong landslide impact that permanent communities of perennial species are not maintained
RU.¤|nb|<class>|disruptivt raspreg
RU.¤|nb|<description>|område med så sterk raspåvirkning at permanente samfunn av flerårige arter ikke opprettholdes
SA.0|en|<class>|fresh (hypohaline)
SA.0|en|<description>|not salt affected
SA.0|en|salt concentration (‰)|<0.5
SA.0|nb|<class>|fersk (hypohalin)
SA.0|nb|<description>|ikke saltpåvirket
SA.0|nb|saltkonsentrasjon (‰)|<0,5
SA.a|en|<class>|slightly brakish (oligohaline)
SA.a|en|<description>|litt saltpåvirket
SA.a|en|salt concentration (‰)|0.5-5
SA.a|nb|<class>|litt brakk (oligohalin)
SA.a|nb|<description>|litt saltpåvirket
SA.a|nb|saltkonsentrasjon (‰)|0,5-5
SA.bc|en|<class>|pretty brackish (mesohalin)
SA.bc|en|<description>|rather salty
SA.bc|en|salt concentration (‰)|5-18
SA.bc|nb|<class>|temmelig brakk (mesohalin)
SA.bc|nb|<description>|temmelig saltpåvirket
SA.bc|nb|saltkonsentrasjon (‰)|5-18
SA.de|en|<class>|rather salty (polyhaline)
SA.de|en|<description>|svært saltpåvirket
SA.de|en|salt concentration (‰)|18-30
SA.de|nb|<class>|temmelig salt (polyhalin)
SA.de|nb|<description>|svært saltpåvirket
SA.de|nb|saltkonsentrasjon (‰)|18-30
SA.f|en|<class>|normal salt (euhalin)
SA.f|en|<description>|very salty
SA.f|en|salt concentration (‰)|30-34.8
SA.f|nb|<class>|normalsalt (euhalin)
SA.f|nb|<description>|svært saltpåvirket
SA.f|nb|saltkonsentrasjon (‰)|30-34,8
SA.+|en|<class>|weakly salt-rich (weakly metahaline)
SA.+|en|<description>|normal salt
SA.+|en|salt concentration (‰)|34.8-35.5
SA.+|nb|<class>|svakt saltanriket (svakt metahalin)
SA.+|nb|<description>|normalsalt
SA.+|nb|saltkonsentrasjon (‰)|34,8-35,5
SE.0|en|<class>|without sedimentation
SE.0|en|<description>|good mass balance; balance between supply (sedimentation) and removal (erosion) of material
SE.0|nb|<class>|uten sedimentasjonspreg
SE.0|nb|<description>|god massebalanse; balanse mellom tilførsel (sedimentasjon) og fjerning (erosjon) av materiale
SE.a|en|<class>|slightly sedimentary
SE.a|en|<description>|good mass balance; balance between supply (sedimentation) and removal (erosion) of material
SE.a|nb|<class>|litt sedimentasjonspreget
SE.a|nb|<description>|svakt positiv massebalanse, men med artssammensetning som bærer observerbart preg av sedimentasjon
SE.b|en|<class>|clearly sedimentation-characterized
SE.b|en|<description>|clearly positive mass balance; the substrate is supplied with clearly more new material by sedimentation than the amount of material eroded away; the species composition consists primarily of sedimentation-tolerant species
SE.b|nb|<class>|klart sedimentasjons-preget
SE.b|nb|<description>|klart positiv massebalanse; substratet tilføres klart mer nytt materiale ved sedimentasjon enn mengden materiale som eroderes vekk; artssammensetningen består først og fremst av sedimentasjonstolerante arter
SE.¤|en|<class>|characterized by disruptive sedimentation
SE.¤|en|<description>|sedimentation with such a high intensity (combination of strong disturbance and high disturbance frequency) that the establishment and maintenance of permanent populations of site-associated organisms is prevented
SE.¤|nb|<class>|preget av disruptiv sedimentasjon
SE.¤|nb|<description>|sedimentasjon med så høy intensitet (kombinasjon av sterk forstyrrelsesgrad og høy forstyrrelsesfrekvens) at etablering og opprettholdelse av permanente populasjoner av stedstilknyttete organismer forhindres
SF.0|en|<class>|normal salt
SF.0|en|<description>|field in the spring belt with normally saline soil
SF.0|nb|<class>|normalsalt
SF.0|nb|<description>|mark i fjærebeltet med normalt saltholdig jord
SF.a|en|<class>|slightly salty
SF.a|en|<description>|weak, but observable sign of salt enrichment (on the species composition)
SF.a|nb|<class>|litt saltanriket
SF.a|nb|<description>|svakt, men observerbart preg av saltanriking (på artssammensetningen)
SF.b|en|<class>|clearly salt-rich
SF.b|en|<description>|klart preg av saltanriking på artssammensetningen
SF.b|nb|<class>|klart saltanriket
SF.b|nb|<description>|klart preg av saltanriking på artssammensetningen
SF.¤|en|<class>|disruptive salt enrichment
SF.¤|en|<description>|so strong salt enrichment that a stable species composition is not maintained
SF.¤|nb|<class>|disruptivt saltanriket
SF.¤|nb|<description>|så sterk saltanriking at det ikke opprettholdes en stabil artssammensetning
SH.0|en|<class>|normal naked ground / bottom
SH.0|en|Ecological structuring process|normal
SH.0|nb|<class>|desc_nb
SH.0|nb|Økologisk strukturerende prosess|normal
SH.a|en|<class>|avalanche
SH.a|en|Ecological structuring process|mass transport on slopes (landslides)
SH.a|nb|<class>|skredmark
SH.a|nb|Økologisk strukturerende prosess|massetransport i skråninger (skred)
SH.b|en|<class>|glacier foreland and snow melting area
SH.b|en|Ecological structuring process|glacial melting
SH.b|nb|<class>|breforland og snøavsmeltingsområde
SH.b|nb|Økologisk strukturerende prosess|breavsmelting
SH.c|en|<class>|moraine weathering
SH.c|en|Ecological structuring process|weathering and deposition of moraine material
SH.c|nb|<class>|blokkmark
SH.c|nb|Økologisk strukturerende prosess|forvitring og avsetning av morenemateriale
SH.d|en|<class>|polar desert
SH.d|en|Ecological structuring process|weathering
SH.d|nb|<class>|polarørken
SH.d|nb|Økologisk strukturerende prosess|forvitring
SH.e|en|<class>|gravel and stone dominated beach and shoreline
SH.e|en|Ecological structuring process|land uplift and wave erosion
SH.e|nb|<class>|grus- og steindominert strand og strandlinje
SH.e|nb|Økologisk strukturerende prosess|landheving og bølgeerosjon
SM.0|en|<class>|ocean
SM.0|en|<description>|in direct connection with the world's oceans
SM.0|nb|<class>|hav
SM.0|nb|<description>|i direkte sammenheng med verdenshavene
SM.a|en|<class>|fjord
SM.a|en|<description>|long and narrow sea indentation that is over-deepened within a marked threshold near the estuary, and with limited replacement of the bottom water
SM.a|en|Criterium|marked threshold
SM.a|nb|<class>|fjord
SM.a|nb|<description>|lang og smal havinnbukting som er overfordypet innenfor en markert terskel nær munningen, og med begrenset utskifting av bunnvannet
SM.a|nb|Kriterium|markert terskel
SM.b|en|<class>|large and deep water body
SM.b|en|<description>|very small environmental variability [large, deep water body; either a lake or a pollen, ie a body of salt water which is physically delimited from the sea, which is regularly, but not permanently, supplied with sea water, which is separated from the sea by a threshold above the lowest spring level, and which has a permanent outlet to (and inlet) from) the sea]
SM.b|en|Criterium|lake or threshold above the lowest spring level,> 5 km2 and average depth> 15 m
SM.b|nb|<class>|stor og dyp vannforekomst
SM.b|nb|<description>|svært liten miljøvariabilitet [stor, dyp vannforekomst; enten en innsjø eller en poll, det vil si en saltvannforekomst som er fysisk avgrenset fra havet, som regelmessig, men ikke permanent, tilføres havvann, som er skilt fra havet av en terskel ovenfor laveste fjærenivå, og som har permanent utløp til (og innløp fra) havet]
SM.b|nb|Kriterium|innsjø eller terskel ovenfor laveste fjærenivå, >5 km2 og middeldybde > 15 m
SM.c|en|<class>|large or deep body of water
SM.c|en|<description>|small environmental variability [layered, relatively deep, small – medium-sized water body]
SM.c|en|Criterium|<5 km2 or mean depth <15 m
SM.c|nb|<class>|stor eller dyp vannforekomst
SM.c|nb|<description>|liten miljøvariabilitet [sjiktet, relativt dyp, liten–middels stor vannforekomst]
SM.c|nb|Kriterium|< 5 km2 eller middeldybde < 15 m
SM.d|en|<class>|small and rather deep water body
SM.d|en|<description>|moderate environmental variability [unlayered, relatively deep, small to medium-sized body of water; so deep that rooted aquatic plants can not grow all over the bottom]
SM.d|en|Criterium|<5 km2 and maximum depth> 5 m
SM.d|nb|<class>|liten og temmelig dyp vannforekomst
SM.d|nb|<description>|moderat miljøvariabilitet [usjiktet, relativt dyp, liten–middels stor vannforekomst; så dyp at rotfaste vannplanter ikke kan vokse over hele bunnen]
SM.d|nb|Kriterium|< 5 km2 og største dybde > 5 m
SM.ef|en|<class>|small and shallow water body
SM.ef|en|<description>|significant environmental variability [unlayered, shallow water body; so reason that aquatic plants can grow all over the bottom;]
SM.ef|en|Criterium|<5 km2 and maximum depth <(3–) 5 m
SM.ef|nb|<class>|liten og grunn vannforekomst
SM.ef|nb|<description>|betydelig miljøvariabilitet [usjiktet, grunn vannforekomst; så grunn at vannplanter kan vokse over hele bunnen;]
SM.ef|nb|Kriterium|< 5 km2 og største dybde < (3–)5 m
SM.g|en|<class>|pond
SM.g|en|<description>|great environmental variability [pond; layered, shallow, small body of water; so reason that aquatic plants can grow all over the bottom]
SM.g|en|Criterium|<2 500 m2 and maximum depth <3 m
SM.g|nb|<class>|dam
SM.g|nb|<description>|stor miljøvariabilitet [dam; usjiktet, grunn, liten vannforekomst; så grunn at vannplanter kan vokse over hele bunnen]
SM.g|nb|Kriterium|< 2 500 m2 og største dybde < 3 m
SM.h|en|<class>|slop
SM.h|en|<description>|very high environmental variability [puddle; ground, small body of water that does not dry out or freeze to the bottom]
SM.h|en|Criterium|<100 m2 and maximum depth <2 m
SM.h|nb|<class>|pytt
SM.h|nb|<description>|svært stor miljøvariabilitet [pytt; grunn, liten vannforekomst som ikke tørker ut eller bunnfryser]
SM.h|nb|Kriterium|< 100 m2 og største dybde < 2 m
SM.i|en|<class>|small puddle
SM.i|en|<description>|extreme environmental variability [small puddle; small and very shallow water body, but which still never dries out and / or freezes to the bottom
SM.i|en|Criterium|<10 m2 and maximum depth <1 m
SM.i|nb|<class>|liten pytt
SM.i|nb|<description>|ekstrem miljøvariabilitet [liten pytt; liten og svært grunn vannforekomst, men som likevel aldri tørker ut og/eller bunnfryser
SM.i|nb|Kriterium|< 10 m2 og største dybde < 1 m
SM.¤|en|<class>|temporary puddle
SM.¤|en|<description>|extreme environmental variability [small puddle; small and very shallow water body that dries out in periods (note that to be categorized as a water body, the bottom must be water covered at least 50% of the time) and / or bottom freezer; usually <10 m2 and maximum depth <1 m]
SM.¤|nb|<class>|temporær pyttekstrem miljøvariabilitet [liten pytt; liten og svært grunn vannforekomst som tørker ut i perioder (merk at for å kategoriseres som vannforekomst må bunnen være vanndekket minst 50 % av tida) og/eller bunnfryser; vanligvis < 10 m2 og største dybde < 1 m]
SM.¤|nb|<description>|desc_nb
SP.0|en|<class>|grazing
SP.0|en|<description>|characterized by grazing as the dominant form of claim
SP.0|nb|<class>|beitepreget
SP.0|nb|<description>|preget av beite som dominerende hevdform
SP.a|en|<class>|mowing
SP.a|en|<description>|characterized by beaten as the dominant form of assertion
SP.a|nb|<class>|slåttepreget
SP.a|nb|<description>|preget av slått som dominerende hevdform
SS.0|en|<class>|sand-dominated spring belt bottom
SS.0|en|<description>|non-stabilized sandy bottom in the water beach belt (hydrolitoral belt)
SS.0|nb|<class>|sanddominert fjærebeltebunn
SS.0|nb|<description>|ikke-stabilisert sandbunn i vannstrandbeltet (hydrolitoral-beltet)
SS.a|en|<class>|sandy beach
SS.a|en|<description>|non-stabilized sandy soil in the land beach belt (geolitoral belt); vegetation-free or with few species communities dominated by melde species (Atriplex spp.), beach radish (Cakile maritima) or beach heritage (Honckenya peploides)
SS.a|nb|<class>|sandforstrand
SS.a|nb|<description>|ikke-stabilisert sandmark i landstrandbeltet (geolitoralbeltet); vegetasjonsfritt eller med få-artssamfunn dominert av melde-arter (Atriplex spp.), strandreddik (Cakile maritima) eller strandarve (Honckenya peploides)
SS.b|en|<class>|pre-dune
SS.b|en|<description>|non-stabilized sandfield in the supralitoral belt, with strong sand movement and precursors to dune formation; vegetation-free or with few species communities dominated by shore herb (Honckenya peploides), shore rye (Leymus arenarius) or shore quail (Elytrigia juncea); = embryonaldyne
SS.b|nb|<class>|fordyne
SS.b|nb|<description>|ikke-stabilisert sandmark i supralitoralbeltet, med sterk sandbevegelse og forstadier til dynedannelse; vegetasjonsfritt eller med få-artssamfunn dominert av strandarve (Honckenya peploides), strandrug (Leymus arenarius) eller strandkveke (Elytrigia juncea); = embryonaldyne
SS.c|en|<class>|primary dune
SS.c|en|<description>|non-stabilized sand field in the epilitoral belt, with strong sand movement and strong dune formation, but the dunes are unstable and move; the outermost high dunes are primary dunes; bogs and lichen are missing, the sand dries out quickly and no humus formation takes place; typically with few species communities dominated by sand-binding grasses such as mare straw (Ammophila arenaria) and beach rye (Leymus arenarius)
SS.c|nb|<class>|primærdyne
SS.c|nb|<description>|ikke-stabilisert sandmark i epilitoralbeltet, med sterk sandbevegelse og sterk sanddynedannelse, men dynene er ustabile og flytter seg; de ytterste høye sanddynene er primærdyner; moser og lav mangler, sanda tørker raskt ut og ingen humusdannelse finner sted; typisk med få-artssamfunn dominert av sandbindende gras som marehalm (Ammophila arenaria) og strandrug (Leymus arenarius)
SS.d|en|<class>|white dune
SS.d|en|<description>|incipient stabilization of the sand, but bare, non-stabilized sand dominates; fields colonized to a greater or lesser extent by large grass species that can withstand sanding and drought; bogs and lichen are missing; unstable dune
SS.d|nb|<class>|kvit dyne
SS.d|nb|<description>|begynnende stabilisering av sanda, men naken, ikke-stabilisert sand dominerer; marka i større eller mindre grad kolonisert av storvokste grasarter som tåler oversanding og tørke; moser og lav mangler; = ustabil dyne
SS.ef|en|<class>|gray dune
SS.ef|en|<description>|sand more or less stabilized, dominance of low-growing grasses and herbs; spotted overgrown with mosses and lichens; stabilized dune
SS.ef|nb|<class>|grå dyne
SS.ef|nb|<description>|sand mer eller mindre stabilisert, dominans av lavvokste grasarter og urter; flekkvis bevokst med moser og lav; = stabilisert dyne
SS.gh|en|<class>|brown dune
SS.gh|en|<description>|stabilized sand, incipient soil formation; closed, meadow-like vegetation that may have closed bottom layer dominated by mosses and lichens; = established dune
SS.gh|nb|<class>|brun dyne
SS.gh|nb|<description>|stabilisert sand, begynnende jordsmonndannelse; sluttet, engpreget vegetasjon som kan ha sluttet bunnsjikt dominert av moser og lav; = etablert dyne 
SS.i|en|<class>|dune moor
SS.i|en|<description>|stabilized moor, often with well-developed humus layer, dominated by heather species such as cress (Empetrum nigrum) and heather (Calluna vulgaris).
SS.i|nb|<class>|dynehei
SS.i|nb|<description>|stabilisert hei, ofte med velutviklet humuslag, dominert av lyngarter som krekling (Empetrum nigrum) og røsslyng (Calluna vulgaris).
SS.j|en|<class>|dune woodland
SS.j|en|<description>|forest land above and within open dune land, with patches of bare sand and a species composition that still contains species typical of dune land
SS.j|nb|<class>|dyneskogsmark
SS.j|nb|<description>|skogsmark ovenfor og innenfor åpen sanddynemark, med flekker av naken sand og en artssammensetning som fortsatt inneholder arter typisk for sanddynemarka
SS.k|en|<class>|sandy woodland
SS.k|en|<description>|woodland on sandy soils, without or with patches of bare sand, and a species composition that is observably different from the species composition in comparable solid woodland on unsorted substrates
SS.k|nb|<class>|sandskogsmark
SS.k|nb|<description>|skogsmark på sandgrunn, uten eller med flekker av naken sand, og en artssammensetning som er observerbart forskjellig fra artssammensetningen i sammenliknbar fastmarksskogsmark på usorterte substrater
SS.+|en|<class>|normal solid-ground woodland
SS.+|en|<description>|solid woodland with such a thick and stable humus layer that sand-dominated loose material cover does not have a visible effect in the species composition
SS.+|nb|<class>|normal fastmarks-skogsmark
SS.+|nb|<description>|fastmarksskogsmark med så tjukt og stabilt humuslag at sanddominert løsmassedekke ikke gir seg synlig utslag i artssammensetningen
UF.a|en|<class>|fresh
UF.a|nb|<description>|frisk
UF.b|en|<class>|pretty fresh
UF.b|nb|<description>|temmelig frisk
UF.c|en|<class>|a little fresh
UF.c|nb|<description>|litt frisk
UF.d|en|<class>|intermediate
UF.d|nb|<description>|intermediær
UF.e|en|<class>|slightly exposed to drought
UF.e|nb|<description>|litt tørkeutsatt
UF.f|en|<class>|fairly prone to drought
UF.f|nb|<description>|temmelig tørkeutsatt
UF.g|en|<class>|very prone to drought
UF.g|nb|<description>|svært tørkeutsatt
UF.h|en|<class>|extremely prone to drought
UF.h|nb|<description>|ekstremt tørkeutsatt
