"filename", "language", "Python", "pip requirements", "CSV", "Graphviz", "Shell Script", "Gradle", "Properties", "Dart", "XML", "Kotlin", "YAML", "JSON", "SQL", "Markdown", "Log", "Jupyter", "PDF", "plist", "Swift", "HTML", "C++", "JavaScript", "comment", "blank", "total"
"/Users/amarok/src/natur-i-norge/.vim/coc-settings.json", "JSON", 0, 0, 0, 0, 0, 0, 0, 0, 0, 0, 0, 0, 0, 0, 0, 0, 0, 0, 0, 0, 0, 0, 0, 1, 1
"/Users/amarok/src/natur-i-norge/README.md", "Markdown", 0, 0, 0, 0, 0, 0, 0, 0, 0, 0, 0, 0, 0, 1, 0, 0, 0, 0, 0, 0, 0, 0, 0, 0, 1
"/Users/amarok/src/natur-i-norge/docs/Artikkel_1___NiNs_systemkjerne___teori,_prinsipper_og_inndelingskriterier.pdf", "PDF", 0, 0, 0, 0, 0, 0, 0, 0, 0, 0, 0, 0, 0, 0, 0, 0, 87041, 0, 0, 0, 0, 0, 0, 436, 87477
"/Users/amarok/src/natur-i-norge/docs/Artikkel_2___Analyser_av_generaliserte_artslistedatasett___grunnlag_for_typeinndeling_av_natursystem-niv_et_i_NiN_(versjon_2.0.2).pdf", "PDF", 0, 0, 0, 0, 0, 0, 0, 0, 0, 0, 0, 0, 0, 0, 0, 0, 27611, 0, 0, 0, 0, 0, 0, 142, 27753
"/Users/amarok/src/natur-i-norge/docs/Artikkel_3___Natursystemniv_et___typeinndeling_og_beskrivelsessystem_(versjon_2.1.0).pdf", "PDF", 0, 0, 0, 0, 0, 0, 0, 0, 0, 0, 0, 0, 0, 0, 0, 0, 75444, 0, 0, 0, 0, 0, 0, 515, 75959
"/Users/amarok/src/natur-i-norge/docs/Artikkel_5___Oversettelse_fra__H_ndbok_i_registrering_av_livsmilj_er_i_skog__(MiS)_til_Natursystem,_NiN_versjon_2.0_og_arealstatistikk_for_naturtyper_i_skogsmark.pdf", "PDF", 0, 0, 0, 0, 0, 0, 0, 0, 0, 0, 0, 0, 0, 0, 0, 0, 71674, 0, 0, 0, 0, 0, 0, 81, 71755
"/Users/amarok/src/natur-i-norge/docs/Artikkel_6___Oversikt_over_endringer_mellom_NiN-versjoner.pdf", "PDF", 0, 0, 0, 0, 0, 0, 0, 0, 0, 0, 0, 0, 0, 0, 0, 0, 6394, 0, 0, 0, 0, 0, 0, 64, 6458
"/Users/amarok/src/natur-i-norge/docs/Beskrivelser_av_kartleggingsenheter_m_lestokk_1_5000.pdf", "PDF", 0, 0, 0, 0, 0, 0, 0, 0, 0, 0, 0, 0, 0, 0, 0, 0, 131299, 0, 0, 0, 0, 0, 0, 3742, 135041
"/Users/amarok/src/natur-i-norge/docs/Feltveileder_for_kartlegging_av_terrestrisk_naturvariasjon_etter_NiN_2.2.pdf", "PDF", 0, 0, 0, 0, 0, 0, 0, 0, 0, 0, 0, 0, 0, 0, 0, 0, 58192, 0, 0, 0, 0, 0, 0, 406, 58598
"/Users/amarok/src/natur-i-norge/invoices/not payed/domains.pdf", "PDF", 0, 0, 0, 0, 0, 0, 0, 0, 0, 0, 0, 0, 0, 0, 0, 0, 208, 0, 0, 0, 0, 0, 0, 1, 209
"/Users/amarok/src/natur-i-norge/invoices/not payed/domains2.pdf", "PDF", 0, 0, 0, 0, 0, 0, 0, 0, 0, 0, 0, 0, 0, 0, 0, 0, 202, 0, 0, 0, 0, 0, 0, 2, 204
"/Users/amarok/src/natur-i-norge/naturinorge_guide/README.md", "Markdown", 0, 0, 0, 0, 0, 0, 0, 0, 0, 0, 0, 0, 0, 10, 0, 0, 0, 0, 0, 0, 0, 0, 0, 7, 17
"/Users/amarok/src/natur-i-norge/naturinorge_guide/android/app/build.gradle", "Gradle", 0, 0, 0, 0, 0, 66, 0, 0, 0, 0, 0, 0, 0, 0, 0, 0, 0, 0, 0, 0, 0, 0, 1, 14, 81
"/Users/amarok/src/natur-i-norge/naturinorge_guide/android/app/src/debug/AndroidManifest.xml", "XML", 0, 0, 0, 0, 0, 0, 0, 0, 4, 0, 0, 0, 0, 0, 0, 0, 0, 0, 0, 0, 0, 0, 3, 1, 8
"/Users/amarok/src/natur-i-norge/naturinorge_guide/android/app/src/main/AndroidManifest.xml", "XML", 0, 0, 0, 0, 0, 0, 0, 0, 25, 0, 0, 0, 0, 0, 0, 0, 0, 0, 0, 0, 0, 0, 7, 1, 33
"/Users/amarok/src/natur-i-norge/naturinorge_guide/android/app/src/main/kotlin/no/naturinorge/naturinorge_guide/MainActivity.kt", "Kotlin", 0, 0, 0, 0, 0, 0, 0, 0, 0, 10, 0, 0, 0, 0, 0, 0, 0, 0, 0, 0, 0, 0, 0, 3, 13
"/Users/amarok/src/natur-i-norge/naturinorge_guide/android/app/src/main/res/drawable/launch_background.xml", "XML", 0, 0, 0, 0, 0, 0, 0, 0, 4, 0, 0, 0, 0, 0, 0, 0, 0, 0, 0, 0, 0, 0, 7, 2, 13
"/Users/amarok/src/natur-i-norge/naturinorge_guide/android/app/src/main/res/values/styles.xml", "XML", 0, 0, 0, 0, 0, 0, 0, 0, 6, 0, 0, 0, 0, 0, 0, 0, 0, 0, 0, 0, 0, 0, 2, 1, 9
"/Users/amarok/src/natur-i-norge/naturinorge_guide/android/app/src/profile/AndroidManifest.xml", "XML", 0, 0, 0, 0, 0, 0, 0, 0, 4, 0, 0, 0, 0, 0, 0, 0, 0, 0, 0, 0, 0, 0, 3, 1, 8
"/Users/amarok/src/natur-i-norge/naturinorge_guide/android/build.gradle", "Gradle", 0, 0, 0, 0, 0, 27, 0, 0, 0, 0, 0, 0, 0, 0, 0, 0, 0, 0, 0, 0, 0, 0, 0, 5, 32
"/Users/amarok/src/natur-i-norge/naturinorge_guide/android/gradle.properties", "Properties", 0, 0, 0, 0, 0, 0, 4, 0, 0, 0, 0, 0, 0, 0, 0, 0, 0, 0, 0, 0, 0, 0, 0, 1, 5
"/Users/amarok/src/natur-i-norge/naturinorge_guide/android/gradle/wrapper/gradle-wrapper.properties", "Properties", 0, 0, 0, 0, 0, 0, 5, 0, 0, 0, 0, 0, 0, 0, 0, 0, 0, 0, 0, 0, 0, 0, 1, 1, 7
"/Users/amarok/src/natur-i-norge/naturinorge_guide/android/settings.gradle", "Gradle", 0, 0, 0, 0, 0, 12, 0, 0, 0, 0, 0, 0, 0, 0, 0, 0, 0, 0, 0, 0, 0, 0, 0, 4, 16
"/Users/amarok/src/natur-i-norge/naturinorge_guide/codemagic.yaml", "YAML", 0, 0, 0, 0, 0, 0, 0, 0, 0, 0, 58, 0, 0, 0, 0, 0, 0, 0, 0, 0, 0, 0, 6, 3, 67
"/Users/amarok/src/natur-i-norge/naturinorge_guide/gen_build_runner.sh", "Shell Script", 0, 0, 0, 0, 1, 0, 0, 0, 0, 0, 0, 0, 0, 0, 0, 0, 0, 0, 0, 0, 0, 0, 1, 0, 2
"/Users/amarok/src/natur-i-norge/naturinorge_guide/gen_local.sh", "Shell Script", 0, 0, 0, 0, 1, 0, 0, 0, 0, 0, 0, 0, 0, 0, 0, 0, 0, 0, 0, 0, 0, 0, 1, 0, 2
"/Users/amarok/src/natur-i-norge/naturinorge_guide/ios/Flutter/AppFrameworkInfo.plist", "plist", 0, 0, 0, 0, 0, 0, 0, 0, 0, 0, 0, 0, 0, 0, 0, 0, 0, 26, 0, 0, 0, 0, 0, 1, 27
"/Users/amarok/src/natur-i-norge/naturinorge_guide/ios/Runner.xcworkspace/xcshareddata/IDEWorkspaceChecks.plist", "plist", 0, 0, 0, 0, 0, 0, 0, 0, 0, 0, 0, 0, 0, 0, 0, 0, 0, 8, 0, 0, 0, 0, 0, 1, 9
"/Users/amarok/src/natur-i-norge/naturinorge_guide/ios/Runner/AppDelegate.swift", "Swift", 0, 0, 0, 0, 0, 0, 0, 0, 0, 0, 0, 0, 0, 0, 0, 0, 0, 0, 12, 0, 0, 0, 0, 2, 14
"/Users/amarok/src/natur-i-norge/naturinorge_guide/ios/Runner/Assets.xcassets/AppIcon.appiconset/Contents.json", "JSON", 0, 0, 0, 0, 0, 0, 0, 0, 0, 0, 0, 122, 0, 0, 0, 0, 0, 0, 0, 0, 0, 0, 0, 1, 123
"/Users/amarok/src/natur-i-norge/naturinorge_guide/ios/Runner/Assets.xcassets/LaunchImage.imageset/Contents.json", "JSON", 0, 0, 0, 0, 0, 0, 0, 0, 0, 0, 0, 23, 0, 0, 0, 0, 0, 0, 0, 0, 0, 0, 0, 1, 24
"/Users/amarok/src/natur-i-norge/naturinorge_guide/ios/Runner/Assets.xcassets/LaunchImage.imageset/README.md", "Markdown", 0, 0, 0, 0, 0, 0, 0, 0, 0, 0, 0, 0, 0, 3, 0, 0, 0, 0, 0, 0, 0, 0, 0, 2, 5
"/Users/amarok/src/natur-i-norge/naturinorge_guide/ios/Runner/Base.lproj/LaunchScreen.storyboard", "XML", 0, 0, 0, 0, 0, 0, 0, 0, 36, 0, 0, 0, 0, 0, 0, 0, 0, 0, 0, 0, 0, 0, 1, 1, 38
"/Users/amarok/src/natur-i-norge/naturinorge_guide/ios/Runner/Base.lproj/Main.storyboard", "XML", 0, 0, 0, 0, 0, 0, 0, 0, 25, 0, 0, 0, 0, 0, 0, 0, 0, 0, 0, 0, 0, 0, 1, 1, 27
"/Users/amarok/src/natur-i-norge/naturinorge_guide/ios/Runner/Info.plist", "plist", 0, 0, 0, 0, 0, 0, 0, 0, 0, 0, 0, 0, 0, 0, 0, 0, 0, 52, 0, 0, 0, 0, 0, 1, 53
"/Users/amarok/src/natur-i-norge/naturinorge_guide/ios/Runner/Runner-Bridging-Header.h", "C++", 0, 0, 0, 0, 0, 0, 0, 0, 0, 0, 0, 0, 0, 0, 0, 0, 0, 0, 0, 0, 1, 0, 0, 1, 2
"/Users/amarok/src/natur-i-norge/naturinorge_guide/lib/api/arts_api.dart", "Dart", 0, 0, 0, 0, 0, 0, 0, 42, 0, 0, 0, 0, 0, 0, 0, 0, 0, 0, 0, 0, 0, 0, 44, 7, 93
"/Users/amarok/src/natur-i-norge/naturinorge_guide/lib/db/db_adapters.dart", "Dart", 0, 0, 0, 0, 0, 0, 0, 139, 0, 0, 0, 0, 0, 0, 0, 0, 0, 0, 0, 0, 0, 0, 9, 24, 172
"/Users/amarok/src/natur-i-norge/naturinorge_guide/lib/db/lazy_db_flutter.dart", "Dart", 0, 0, 0, 0, 0, 0, 0, 13, 0, 0, 0, 0, 0, 0, 0, 0, 0, 0, 0, 0, 0, 0, 0, 3, 16
"/Users/amarok/src/natur-i-norge/naturinorge_guide/lib/db/lazy_db_web.dart", "Dart", 0, 0, 0, 0, 0, 0, 0, 11, 0, 0, 0, 0, 0, 0, 0, 0, 0, 0, 0, 0, 0, 0, 0, 2, 13
"/Users/amarok/src/natur-i-norge/naturinorge_guide/lib/db/nin_db.dart", "Dart", 0, 0, 0, 0, 0, 0, 0, 247, 0, 0, 0, 0, 0, 0, 0, 0, 0, 0, 0, 0, 0, 0, 5, 35, 287
"/Users/amarok/src/natur-i-norge/naturinorge_guide/lib/db/nin_db.g.dart", "Dart", 0, 0, 0, 0, 0, 0, 0, 6564, 0, 0, 0, 0, 0, 0, 0, 0, 0, 0, 0, 0, 0, 0, 5, 403, 6972
"/Users/amarok/src/natur-i-norge/naturinorge_guide/lib/details/detailed_adapter.dart", "Dart", 0, 0, 0, 0, 0, 0, 0, 69, 0, 0, 0, 0, 0, 0, 0, 0, 0, 0, 0, 0, 0, 0, 11, 12, 92
"/Users/amarok/src/natur-i-norge/naturinorge_guide/lib/generated/codegen_loader.g.dart", "Dart", 0, 0, 0, 0, 0, 0, 0, 8, 0, 0, 0, 0, 0, 0, 0, 0, 0, 0, 0, 0, 0, 0, 6, 3, 17
"/Users/amarok/src/natur-i-norge/naturinorge_guide/lib/main.dart", "Dart", 0, 0, 0, 0, 0, 0, 0, 52, 0, 0, 0, 0, 0, 0, 0, 0, 0, 0, 0, 0, 0, 0, 26, 7, 85
"/Users/amarok/src/natur-i-norge/naturinorge_guide/lib/pages/home_page.dart", "Dart", 0, 0, 0, 0, 0, 0, 0, 39, 0, 0, 0, 0, 0, 0, 0, 0, 0, 0, 0, 0, 0, 0, 0, 3, 42
"/Users/amarok/src/natur-i-norge/naturinorge_guide/lib/pages/home_page_lib/home_page_button.dart", "Dart", 0, 0, 0, 0, 0, 0, 0, 45, 0, 0, 0, 0, 0, 0, 0, 0, 0, 0, 0, 0, 0, 0, 0, 3, 48
"/Users/amarok/src/natur-i-norge/naturinorge_guide/lib/pages/nin_structure/app_bar/nin_app_bar.dart", "Dart", 0, 0, 0, 0, 0, 0, 0, 74, 0, 0, 0, 0, 0, 0, 0, 0, 0, 0, 0, 0, 0, 0, 1, 7, 82
"/Users/amarok/src/natur-i-norge/naturinorge_guide/lib/pages/nin_structure/major_type/gad_overlay/add_species_btn.dart", "Dart", 0, 0, 0, 0, 0, 0, 0, 67, 0, 0, 0, 0, 0, 0, 0, 0, 0, 0, 0, 0, 0, 0, 0, 3, 70
"/Users/amarok/src/natur-i-norge/naturinorge_guide/lib/pages/nin_structure/major_type/gad_overlay/gad_helper.dart", "Dart", 0, 0, 0, 0, 0, 0, 0, 93, 0, 0, 0, 0, 0, 0, 0, 0, 0, 0, 0, 0, 0, 0, 1, 12, 106
"/Users/amarok/src/natur-i-norge/naturinorge_guide/lib/pages/nin_structure/major_type/gad_overlay/selected_species_list.dart", "Dart", 0, 0, 0, 0, 0, 0, 0, 30, 0, 0, 0, 0, 0, 0, 0, 0, 0, 0, 0, 0, 0, 0, 1, 3, 34
"/Users/amarok/src/natur-i-norge/naturinorge_guide/lib/pages/nin_structure/major_type/gad_overlay/specie_adapter.dart", "Dart", 0, 0, 0, 0, 0, 0, 0, 63, 0, 0, 0, 0, 0, 0, 0, 0, 0, 0, 0, 0, 0, 0, 0, 10, 73
"/Users/amarok/src/natur-i-norge/naturinorge_guide/lib/pages/nin_structure/major_type/gad_overlay/species_selector.dart", "Dart", 0, 0, 0, 0, 0, 0, 0, 59, 0, 0, 0, 0, 0, 0, 0, 0, 0, 0, 0, 0, 0, 0, 1, 6, 66
"/Users/amarok/src/natur-i-norge/naturinorge_guide/lib/pages/nin_structure/major_type/major_type_button.dart", "Dart", 0, 0, 0, 0, 0, 0, 0, 54, 0, 0, 0, 0, 0, 0, 0, 0, 0, 0, 0, 0, 0, 0, 0, 6, 60
"/Users/amarok/src/natur-i-norge/naturinorge_guide/lib/pages/nin_structure/major_type/major_type_description.dart", "Dart", 0, 0, 0, 0, 0, 0, 0, 56, 0, 0, 0, 0, 0, 0, 0, 0, 0, 0, 0, 0, 0, 0, 1, 3, 60
"/Users/amarok/src/natur-i-norge/naturinorge_guide/lib/pages/nin_structure/major_type/major_type_description_landscape.dart", "Dart", 0, 0, 0, 0, 0, 0, 0, 69, 0, 0, 0, 0, 0, 0, 0, 0, 0, 0, 0, 0, 0, 0, 38, 3, 110
"/Users/amarok/src/natur-i-norge/naturinorge_guide/lib/pages/nin_structure/major_type/major_type_provider.dart", "Dart", 0, 0, 0, 0, 0, 0, 0, 303, 0, 0, 0, 0, 0, 0, 0, 0, 0, 0, 0, 0, 0, 0, 20, 36, 359
"/Users/amarok/src/natur-i-norge/naturinorge_guide/lib/pages/nin_structure/major_type/major_type_selector.dart", "Dart", 0, 0, 0, 0, 0, 0, 0, 25, 0, 0, 0, 0, 0, 0, 0, 0, 0, 0, 0, 0, 0, 0, 0, 3, 28
"/Users/amarok/src/natur-i-norge/naturinorge_guide/lib/pages/nin_structure/major_type/minor_type_table.dart", "Dart", 0, 0, 0, 0, 0, 0, 0, 91, 0, 0, 0, 0, 0, 0, 0, 0, 0, 0, 0, 0, 0, 0, 1, 6, 98
"/Users/amarok/src/natur-i-norge/naturinorge_guide/lib/pages/nin_structure/major_type/minor_type_table/axis_block.dart", "Dart", 0, 0, 0, 0, 0, 0, 0, 6, 0, 0, 0, 0, 0, 0, 0, 0, 0, 0, 0, 0, 0, 0, 0, 3, 9
"/Users/amarok/src/natur-i-norge/naturinorge_guide/lib/pages/nin_structure/major_type/minor_type_table/axis_label.dart", "Dart", 0, 0, 0, 0, 0, 0, 0, 68, 0, 0, 0, 0, 0, 0, 0, 0, 0, 0, 0, 0, 0, 0, 1, 7, 76
"/Users/amarok/src/natur-i-norge/naturinorge_guide/lib/pages/nin_structure/major_type/minor_type_table/axis_label_name.dart", "Dart", 0, 0, 0, 0, 0, 0, 0, 25, 0, 0, 0, 0, 0, 0, 0, 0, 0, 0, 0, 0, 0, 0, 1, 4, 30
"/Users/amarok/src/natur-i-norge/naturinorge_guide/lib/pages/nin_structure/major_type/minor_type_table/elementary_segment_widget.dart", "Dart", 0, 0, 0, 0, 0, 0, 0, 22, 0, 0, 0, 0, 0, 0, 0, 0, 0, 0, 0, 0, 0, 0, 0, 3, 25
"/Users/amarok/src/natur-i-norge/naturinorge_guide/lib/pages/nin_structure/major_type/minor_type_table/gad_cell.dart", "Dart", 0, 0, 0, 0, 0, 0, 0, 30, 0, 0, 0, 0, 0, 0, 0, 0, 0, 0, 0, 0, 0, 0, 1, 4, 35
"/Users/amarok/src/natur-i-norge/naturinorge_guide/lib/pages/nin_structure/major_type/minor_type_table/gad_overlay.dart", "Dart", 0, 0, 0, 0, 0, 0, 0, 32, 0, 0, 0, 0, 0, 0, 0, 0, 0, 0, 0, 0, 0, 0, 0, 2, 34
"/Users/amarok/src/natur-i-norge/naturinorge_guide/lib/pages/nin_structure/major_type/minor_type_table/mapping_scale.dart", "Dart", 0, 0, 0, 0, 0, 0, 0, 35, 0, 0, 0, 0, 0, 0, 0, 0, 0, 0, 0, 0, 0, 0, 0, 3, 38
"/Users/amarok/src/natur-i-norge/naturinorge_guide/lib/pages/nin_structure/major_type/minor_type_table/minor_type_block.dart", "Dart", 0, 0, 0, 0, 0, 0, 0, 7, 0, 0, 0, 0, 0, 0, 0, 0, 0, 0, 0, 0, 0, 0, 0, 3, 10
"/Users/amarok/src/natur-i-norge/naturinorge_guide/lib/pages/nin_structure/major_type/minor_type_table/minor_type_description.dart", "Dart", 0, 0, 0, 0, 0, 0, 0, 91, 0, 0, 0, 0, 0, 0, 0, 0, 0, 0, 0, 0, 0, 0, 9, 9, 109
"/Users/amarok/src/natur-i-norge/naturinorge_guide/lib/pages/nin_structure/major_type/minor_type_table/scaled_minor_type.dart", "Dart", 0, 0, 0, 0, 0, 0, 0, 48, 0, 0, 0, 0, 0, 0, 0, 0, 0, 0, 0, 0, 0, 0, 0, 3, 51
"/Users/amarok/src/natur-i-norge/naturinorge_guide/lib/pages/nin_structure/major_type/minor_type_table/secondary_axis_dialog.dart", "Dart", 0, 0, 0, 0, 0, 0, 0, 96, 0, 0, 0, 0, 0, 0, 0, 0, 0, 0, 0, 0, 0, 0, 1, 5, 102
"/Users/amarok/src/natur-i-norge/naturinorge_guide/lib/pages/nin_structure/major_type/minor_type_table/standard_segment_widget.dart", "Dart", 0, 0, 0, 0, 0, 0, 0, 28, 0, 0, 0, 0, 0, 0, 0, 0, 0, 0, 0, 0, 0, 0, 0, 4, 32
"/Users/amarok/src/natur-i-norge/naturinorge_guide/lib/pages/nin_structure/major_type/minor_type_table/table_body.dart", "Dart", 0, 0, 0, 0, 0, 0, 0, 50, 0, 0, 0, 0, 0, 0, 0, 0, 0, 0, 0, 0, 0, 0, 1, 3, 54
"/Users/amarok/src/natur-i-norge/naturinorge_guide/lib/pages/nin_structure/major_type/minor_type_table/table_options.dart", "Dart", 0, 0, 0, 0, 0, 0, 0, 13, 0, 0, 0, 0, 0, 0, 0, 0, 0, 0, 0, 0, 0, 0, 0, 3, 16
"/Users/amarok/src/natur-i-norge/naturinorge_guide/lib/pages/nin_structure/major_type_group/major_type_group_button.dart", "Dart", 0, 0, 0, 0, 0, 0, 0, 64, 0, 0, 0, 0, 0, 0, 0, 0, 0, 0, 0, 0, 0, 0, 0, 7, 71
"/Users/amarok/src/natur-i-norge/naturinorge_guide/lib/pages/nin_structure/major_type_group/major_type_group_description.dart", "Dart", 0, 0, 0, 0, 0, 0, 0, 35, 0, 0, 0, 0, 0, 0, 0, 0, 0, 0, 0, 0, 0, 0, 0, 3, 38
"/Users/amarok/src/natur-i-norge/naturinorge_guide/lib/pages/nin_structure/major_type_group/major_type_group_selector.dart", "Dart", 0, 0, 0, 0, 0, 0, 0, 27, 0, 0, 0, 0, 0, 0, 0, 0, 0, 0, 0, 0, 0, 0, 0, 3, 30
"/Users/amarok/src/natur-i-norge/naturinorge_guide/lib/pages/nin_structure/nin_structure_page.dart", "Dart", 0, 0, 0, 0, 0, 0, 0, 128, 0, 0, 0, 0, 0, 0, 0, 0, 0, 0, 0, 0, 0, 0, 4, 8, 140
"/Users/amarok/src/natur-i-norge/naturinorge_guide/lib/pages/nin_structure/nin_structure_provider.dart", "Dart", 0, 0, 0, 0, 0, 0, 0, 58, 0, 0, 0, 0, 0, 0, 0, 0, 0, 0, 0, 0, 0, 0, 5, 17, 80
"/Users/amarok/src/natur-i-norge/naturinorge_guide/lib/serializers/observations/arts_observation.dart", "Dart", 0, 0, 0, 0, 0, 0, 0, 34, 0, 0, 0, 0, 0, 0, 0, 0, 0, 0, 0, 0, 0, 0, 0, 9, 43
"/Users/amarok/src/natur-i-norge/naturinorge_guide/lib/serializers/observations/arts_observation.g.dart", "Dart", 0, 0, 0, 0, 0, 0, 0, 209, 0, 0, 0, 0, 0, 0, 0, 0, 0, 0, 0, 0, 0, 0, 5, 30, 244
"/Users/amarok/src/natur-i-norge/naturinorge_guide/lib/serializers/observations/observations.dart", "Dart", 0, 0, 0, 0, 0, 0, 0, 193, 0, 0, 0, 0, 0, 0, 0, 0, 0, 0, 0, 0, 0, 0, 0, 9, 202
"/Users/amarok/src/natur-i-norge/naturinorge_guide/lib/serializers/observations/observations.g.dart", "Dart", 0, 0, 0, 0, 0, 0, 0, 1352, 0, 0, 0, 0, 0, 0, 0, 0, 0, 0, 0, 0, 0, 0, 5, 81, 1438
"/Users/amarok/src/natur-i-norge/naturinorge_guide/lib/serializers/observations/property_url.dart", "Dart", 0, 0, 0, 0, 0, 0, 0, 28, 0, 0, 0, 0, 0, 0, 0, 0, 0, 0, 0, 0, 0, 0, 0, 9, 37
"/Users/amarok/src/natur-i-norge/naturinorge_guide/lib/serializers/observations/property_url.g.dart", "Dart", 0, 0, 0, 0, 0, 0, 0, 138, 0, 0, 0, 0, 0, 0, 0, 0, 0, 0, 0, 0, 0, 0, 5, 27, 170
"/Users/amarok/src/natur-i-norge/naturinorge_guide/lib/serializers/observations/serializers.dart", "Dart", 0, 0, 0, 0, 0, 0, 0, 35, 0, 0, 0, 0, 0, 0, 0, 0, 0, 0, 0, 0, 0, 0, 11, 3, 49
"/Users/amarok/src/natur-i-norge/naturinorge_guide/lib/serializers/observations/serializers.g.dart", "Dart", 0, 0, 0, 0, 0, 0, 0, 33, 0, 0, 0, 0, 0, 0, 0, 0, 0, 0, 0, 0, 0, 0, 5, 5, 43
"/Users/amarok/src/natur-i-norge/naturinorge_guide/lib/serializers/search_location/crs.dart", "Dart", 0, 0, 0, 0, 0, 0, 0, 23, 0, 0, 0, 0, 0, 0, 0, 0, 0, 0, 0, 0, 0, 0, 0, 9, 32
"/Users/amarok/src/natur-i-norge/naturinorge_guide/lib/serializers/search_location/crs.g.dart", "Dart", 0, 0, 0, 0, 0, 0, 0, 127, 0, 0, 0, 0, 0, 0, 0, 0, 0, 0, 0, 0, 0, 0, 5, 27, 159
"/Users/amarok/src/natur-i-norge/naturinorge_guide/lib/serializers/search_location/crs_property.dart", "Dart", 0, 0, 0, 0, 0, 0, 0, 21, 0, 0, 0, 0, 0, 0, 0, 0, 0, 0, 0, 0, 0, 0, 0, 9, 30
"/Users/amarok/src/natur-i-norge/naturinorge_guide/lib/serializers/search_location/crs_property.g.dart", "Dart", 0, 0, 0, 0, 0, 0, 0, 96, 0, 0, 0, 0, 0, 0, 0, 0, 0, 0, 0, 0, 0, 0, 5, 26, 127
"/Users/amarok/src/natur-i-norge/naturinorge_guide/lib/serializers/search_location/feature_geometry.dart", "Dart", 0, 0, 0, 0, 0, 0, 0, 28, 0, 0, 0, 0, 0, 0, 0, 0, 0, 0, 0, 0, 0, 0, 0, 9, 37
"/Users/amarok/src/natur-i-norge/naturinorge_guide/lib/serializers/search_location/feature_geometry.g.dart", "Dart", 0, 0, 0, 0, 0, 0, 0, 139, 0, 0, 0, 0, 0, 0, 0, 0, 0, 0, 0, 0, 0, 0, 5, 27, 171
"/Users/amarok/src/natur-i-norge/naturinorge_guide/lib/serializers/search_location/feature_property.dart", "Dart", 0, 0, 0, 0, 0, 0, 0, 26, 0, 0, 0, 0, 0, 0, 0, 0, 0, 0, 0, 0, 0, 0, 0, 9, 35
"/Users/amarok/src/natur-i-norge/naturinorge_guide/lib/serializers/search_location/feature_property.g.dart", "Dart", 0, 0, 0, 0, 0, 0, 0, 125, 0, 0, 0, 0, 0, 0, 0, 0, 0, 0, 0, 0, 0, 0, 5, 27, 157
"/Users/amarok/src/natur-i-norge/naturinorge_guide/lib/serializers/search_location/features.dart", "Dart", 0, 0, 0, 0, 0, 0, 0, 29, 0, 0, 0, 0, 0, 0, 0, 0, 0, 0, 0, 0, 0, 0, 0, 10, 39
"/Users/amarok/src/natur-i-norge/naturinorge_guide/lib/serializers/search_location/features.g.dart", "Dart", 0, 0, 0, 0, 0, 0, 0, 171, 0, 0, 0, 0, 0, 0, 0, 0, 0, 0, 0, 0, 0, 0, 5, 30, 206
"/Users/amarok/src/natur-i-norge/naturinorge_guide/lib/serializers/search_location/search_location.dart", "Dart", 0, 0, 0, 0, 0, 0, 0, 30, 0, 0, 0, 0, 0, 0, 0, 0, 0, 0, 0, 0, 0, 0, 0, 10, 40
"/Users/amarok/src/natur-i-norge/naturinorge_guide/lib/serializers/search_location/search_location.g.dart", "Dart", 0, 0, 0, 0, 0, 0, 0, 157, 0, 0, 0, 0, 0, 0, 0, 0, 0, 0, 0, 0, 0, 0, 5, 28, 190
"/Users/amarok/src/natur-i-norge/naturinorge_guide/lib/serializers/taxons/accepted_name_usage.dart", "Dart", 0, 0, 0, 0, 0, 0, 0, 44, 0, 0, 0, 0, 0, 0, 0, 0, 0, 0, 0, 0, 0, 0, 0, 9, 53
"/Users/amarok/src/natur-i-norge/naturinorge_guide/lib/serializers/taxons/accepted_name_usage.g.dart", "Dart", 0, 0, 0, 0, 0, 0, 0, 329, 0, 0, 0, 0, 0, 0, 0, 0, 0, 0, 0, 0, 0, 0, 5, 36, 370
"/Users/amarok/src/natur-i-norge/naturinorge_guide/lib/serializers/taxons/arts_taxon.dart", "Dart", 0, 0, 0, 0, 0, 0, 0, 40, 0, 0, 0, 0, 0, 0, 0, 0, 0, 0, 0, 0, 0, 0, 6, 10, 56
"/Users/amarok/src/natur-i-norge/naturinorge_guide/lib/serializers/taxons/arts_taxon.g.dart", "Dart", 0, 0, 0, 0, 0, 0, 0, 273, 0, 0, 0, 0, 0, 0, 0, 0, 0, 0, 0, 0, 0, 0, 5, 32, 310
"/Users/amarok/src/natur-i-norge/naturinorge_guide/lib/serializers/taxons/dynamic_properties.dart", "Dart", 0, 0, 0, 0, 0, 0, 0, 30, 0, 0, 0, 0, 0, 0, 0, 0, 0, 0, 0, 0, 0, 0, 0, 9, 39
"/Users/amarok/src/natur-i-norge/naturinorge_guide/lib/serializers/taxons/dynamic_properties.g.dart", "Dart", 0, 0, 0, 0, 0, 0, 0, 162, 0, 0, 0, 0, 0, 0, 0, 0, 0, 0, 0, 0, 0, 0, 5, 27, 194
"/Users/amarok/src/natur-i-norge/naturinorge_guide/lib/tools/array_tools.dart", "Dart", 0, 0, 0, 0, 0, 0, 0, 51, 0, 0, 0, 0, 0, 0, 0, 0, 0, 0, 0, 0, 0, 0, 0, 5, 56
"/Users/amarok/src/natur-i-norge/naturinorge_guide/lib/tools/my_theme.dart", "Dart", 0, 0, 0, 0, 0, 0, 0, 13, 0, 0, 0, 0, 0, 0, 0, 0, 0, 0, 0, 0, 0, 0, 0, 3, 16
"/Users/amarok/src/natur-i-norge/naturinorge_guide/local/en-US.json", "JSON", 0, 0, 0, 0, 0, 0, 0, 0, 0, 0, 0, 13, 0, 0, 0, 0, 0, 0, 0, 0, 0, 0, 0, 0, 13
"/Users/amarok/src/natur-i-norge/naturinorge_guide/local/nb-NO.json", "JSON", 0, 0, 0, 0, 0, 0, 0, 0, 0, 0, 0, 13, 0, 0, 0, 0, 0, 0, 0, 0, 0, 0, 0, 1, 14
"/Users/amarok/src/natur-i-norge/naturinorge_guide/pubspec.yaml", "YAML", 0, 0, 0, 0, 0, 0, 0, 0, 0, 0, 40, 0, 0, 0, 0, 0, 0, 0, 0, 0, 0, 0, 53, 15, 108
"/Users/amarok/src/natur-i-norge/naturinorge_guide/test/test.json", "JSON", 0, 0, 0, 0, 0, 0, 0, 0, 0, 0, 0, 41, 0, 0, 0, 0, 0, 0, 0, 0, 0, 0, 0, 0, 41
"/Users/amarok/src/natur-i-norge/naturinorge_guide/test/unit_test.dart", "Dart", 0, 0, 0, 0, 0, 0, 0, 32, 0, 0, 0, 0, 0, 0, 0, 0, 0, 0, 0, 0, 0, 0, 0, 5, 37
"/Users/amarok/src/natur-i-norge/naturinorge_guide/test/widget_test.dart", "Dart", 0, 0, 0, 0, 0, 0, 0, 14, 0, 0, 0, 0, 0, 0, 0, 0, 0, 0, 0, 0, 0, 0, 10, 7, 31
"/Users/amarok/src/natur-i-norge/naturinorge_guide/web/artskart.js", "JavaScript", 0, 0, 0, 0, 0, 0, 0, 0, 0, 0, 0, 0, 0, 0, 0, 0, 0, 0, 0, 0, 0, 20793, 18880, 2631, 42304
"/Users/amarok/src/natur-i-norge/naturinorge_guide/web/index.html", "HTML", 0, 0, 0, 0, 0, 0, 0, 0, 0, 0, 0, 0, 0, 0, 0, 0, 0, 0, 0, 18, 0, 0, 1, 3, 22
"/Users/amarok/src/natur-i-norge/naturinorge_guide/web/manifest.json", "JSON", 0, 0, 0, 0, 0, 0, 0, 0, 0, 0, 0, 23, 0, 0, 0, 0, 0, 0, 0, 0, 0, 0, 0, 1, 24
"/Users/amarok/src/natur-i-norge/naturinorge_guide/web/sql-wasm.js", "JavaScript", 0, 0, 0, 0, 0, 0, 0, 0, 0, 0, 0, 0, 0, 0, 0, 0, 0, 0, 0, 0, 0, 149, 44, 18, 211
"/Users/amarok/src/natur-i-norge/requirements.txt", "pip requirements", 0, 58, 0, 0, 0, 0, 0, 0, 0, 0, 0, 0, 0, 0, 0, 0, 0, 0, 0, 0, 0, 0, 0, 1, 59
"/Users/amarok/src/natur-i-norge/scripts/.ipynb_checkpoints/createDatabase-checkpoint.ipynb", "Jupyter", 0, 0, 0, 0, 0, 0, 0, 0, 0, 0, 0, 0, 0, 0, 0, 29, 0, 0, 0, 0, 0, 0, 0, 0, 29
"/Users/amarok/src/natur-i-norge/scripts/__init__.py", "Python", 0, 0, 0, 0, 0, 0, 0, 0, 0, 0, 0, 0, 0, 0, 0, 0, 0, 0, 0, 0, 0, 0, 0, 1, 1
"/Users/amarok/src/natur-i-norge/scripts/article3Parser.py", "Python", 129, 0, 0, 0, 0, 0, 0, 0, 0, 0, 0, 0, 0, 0, 0, 0, 0, 0, 0, 0, 0, 0, 35, 27, 191
"/Users/amarok/src/natur-i-norge/scripts/create_database_old.py", "Python", 54, 0, 0, 0, 0, 0, 0, 0, 0, 0, 0, 0, 0, 0, 0, 0, 0, 0, 0, 0, 0, 0, 14, 19, 87
"/Users/amarok/src/natur-i-norge/scripts/data/MinorTypeLEC.csv", "CSV", 0, 0, 95, 0, 0, 0, 0, 0, 0, 0, 0, 0, 0, 0, 0, 0, 0, 0, 0, 0, 0, 0, 0, 1, 96
"/Users/amarok/src/natur-i-norge/scripts/data/MinorTypes.html", "HTML", 0, 0, 0, 0, 0, 0, 0, 0, 0, 0, 0, 0, 0, 0, 0, 0, 0, 0, 0, 20735, 0, 0, 0, 4, 20739
"/Users/amarok/src/natur-i-norge/scripts/database/__init__.py", "Python", 0, 0, 0, 0, 0, 0, 0, 0, 0, 0, 0, 0, 0, 0, 0, 0, 0, 0, 0, 0, 0, 0, 0, 1, 1
"/Users/amarok/src/natur-i-norge/scripts/database/export_database.py", "Python", 12, 0, 0, 0, 0, 0, 0, 0, 0, 0, 0, 0, 0, 0, 0, 0, 0, 0, 0, 0, 0, 0, 2, 4, 18
"/Users/amarok/src/natur-i-norge/scripts/database/fix_missing_ss.py", "Python", 39, 0, 0, 0, 0, 0, 0, 0, 0, 0, 0, 0, 0, 0, 0, 0, 0, 0, 0, 0, 0, 0, 2, 5, 46
"/Users/amarok/src/natur-i-norge/scripts/database/import_database.py", "Python", 27, 0, 0, 0, 0, 0, 0, 0, 0, 0, 0, 0, 0, 0, 0, 0, 0, 0, 0, 0, 0, 0, 2, 4, 33
"/Users/amarok/src/natur-i-norge/scripts/database/import_gad.py", "Python", 200, 0, 0, 0, 0, 0, 0, 0, 0, 0, 0, 0, 0, 0, 0, 0, 0, 0, 0, 0, 0, 0, 24, 25, 249
"/Users/amarok/src/natur-i-norge/scripts/database/model/__init__.py", "Python", 0, 0, 0, 0, 0, 0, 0, 0, 0, 0, 0, 0, 0, 0, 0, 0, 0, 0, 0, 0, 0, 0, 0, 1, 1
"/Users/amarok/src/natur-i-norge/scripts/database/model/model.py", "Python", 226, 0, 0, 0, 0, 0, 0, 0, 0, 0, 0, 0, 0, 0, 0, 0, 0, 0, 0, 0, 0, 0, 22, 79, 327
"/Users/amarok/src/natur-i-norge/scripts/database/parse_minor_types.py", "Python", 339, 0, 0, 0, 0, 0, 0, 0, 0, 0, 0, 0, 0, 0, 0, 0, 0, 0, 0, 0, 0, 0, 29, 32, 400
"/Users/amarok/src/natur-i-norge/scripts/database/requirements.txt", "pip requirements", 0, 0, 0, 0, 0, 0, 0, 0, 0, 0, 0, 0, 0, 0, 0, 0, 0, 0, 0, 0, 0, 0, 0, 1, 1
"/Users/amarok/src/natur-i-norge/scripts/database/schema.dot", "Graphviz", 0, 0, 0, 778, 0, 0, 0, 0, 0, 0, 0, 0, 0, 0, 0, 0, 0, 0, 0, 0, 0, 0, 0, 50, 828
"/Users/amarok/src/natur-i-norge/scripts/database/tables/db_export/nin_Detail.csv", "CSV", 0, 0, 2926, 0, 0, 0, 0, 0, 0, 0, 0, 0, 0, 0, 0, 0, 0, 0, 0, 0, 0, 0, 0, 1, 2927
"/Users/amarok/src/natur-i-norge/scripts/database/tables/db_export/nin_ElementarySegment.csv", "CSV", 0, 0, 360, 0, 0, 0, 0, 0, 0, 0, 0, 0, 0, 0, 0, 0, 0, 0, 0, 0, 0, 0, 0, 1, 361
"/Users/amarok/src/natur-i-norge/scripts/database/tables/db_export/nin_ElementarySegmentCombination.csv", "CSV", 0, 0, 253, 0, 0, 0, 0, 0, 0, 0, 0, 0, 0, 0, 0, 0, 0, 0, 0, 0, 0, 0, 0, 1, 254
"/Users/amarok/src/natur-i-norge/scripts/database/tables/db_export/nin_ElementarySegmentGroup.csv", "CSV", 0, 0, 358, 0, 0, 0, 0, 0, 0, 0, 0, 0, 0, 0, 0, 0, 0, 0, 0, 0, 0, 0, 0, 1, 359
"/Users/amarok/src/natur-i-norge/scripts/database/tables/db_export/nin_ElementarySegmentGroupDetail.csv", "CSV", 0, 0, 194, 0, 0, 0, 0, 0, 0, 0, 0, 0, 0, 0, 0, 0, 0, 0, 0, 0, 0, 0, 0, 1, 195
"/Users/amarok/src/natur-i-norge/scripts/database/tables/db_export/nin_GadModifier.csv", "CSV", 0, 0, 1035, 0, 0, 0, 0, 0, 0, 0, 0, 0, 0, 0, 0, 0, 0, 0, 0, 0, 0, 0, 0, 1, 1036
"/Users/amarok/src/natur-i-norge/scripts/database/tables/db_export/nin_GadScale.csv", "CSV", 0, 0, 8, 0, 0, 0, 0, 0, 0, 0, 0, 0, 0, 0, 0, 0, 0, 0, 0, 0, 0, 0, 0, 1, 9
"/Users/amarok/src/natur-i-norge/scripts/database/tables/db_export/nin_GadValue.csv", "CSV", 0, 0, 58786, 0, 0, 0, 0, 0, 0, 0, 0, 0, 0, 0, 0, 0, 0, 0, 0, 0, 0, 0, 0, 2, 58788
"/Users/amarok/src/natur-i-norge/scripts/database/tables/db_export/nin_LEC.csv", "CSV", 0, 0, 69, 0, 0, 0, 0, 0, 0, 0, 0, 0, 0, 0, 0, 0, 0, 0, 0, 0, 0, 0, 0, 1, 70
"/Users/amarok/src/natur-i-norge/scripts/database/tables/db_export/nin_LECType.csv", "CSV", 0, 0, 5, 0, 0, 0, 0, 0, 0, 0, 0, 0, 0, 0, 0, 0, 0, 0, 0, 0, 0, 0, 0, 1, 6
"/Users/amarok/src/natur-i-norge/scripts/database/tables/db_export/nin_Language.csv", "CSV", 0, 0, 3, 0, 0, 0, 0, 0, 0, 0, 0, 0, 0, 0, 0, 0, 0, 0, 0, 0, 0, 0, 0, 1, 4
"/Users/amarok/src/natur-i-norge/scripts/database/tables/db_export/nin_MajorType.csv", "CSV", 0, 0, 93, 0, 0, 0, 0, 0, 0, 0, 0, 0, 0, 0, 0, 0, 0, 0, 0, 0, 0, 0, 0, 1, 94
"/Users/amarok/src/natur-i-norge/scripts/database/tables/db_export/nin_MajorTypeGroup.csv", "CSV", 0, 0, 8, 0, 0, 0, 0, 0, 0, 0, 0, 0, 0, 0, 0, 0, 0, 0, 0, 0, 0, 0, 0, 1, 9
"/Users/amarok/src/natur-i-norge/scripts/database/tables/db_export/nin_MajorTypeLEC.csv", "CSV", 0, 0, 426, 0, 0, 0, 0, 0, 0, 0, 0, 0, 0, 0, 0, 0, 0, 0, 0, 0, 0, 0, 0, 1, 427
"/Users/amarok/src/natur-i-norge/scripts/database/tables/db_export/nin_MappingScale.csv", "CSV", 0, 0, 6, 0, 0, 0, 0, 0, 0, 0, 0, 0, 0, 0, 0, 0, 0, 0, 0, 0, 0, 0, 0, 1, 7
"/Users/amarok/src/natur-i-norge/scripts/database/tables/db_export/nin_MinorType.csv", "CSV", 0, 0, 730, 0, 0, 0, 0, 0, 0, 0, 0, 0, 0, 0, 0, 0, 0, 0, 0, 0, 0, 0, 0, 1, 731
"/Users/amarok/src/natur-i-norge/scripts/database/tables/db_export/nin_MinorTypeScaled.csv", "CSV", 0, 0, 3680, 0, 0, 0, 0, 0, 0, 0, 0, 0, 0, 0, 0, 0, 0, 0, 0, 0, 0, 0, 0, 1, 3681
"/Users/amarok/src/natur-i-norge/scripts/database/tables/db_export/nin_MinorTypeStandardSegment.csv", "CSV", 0, 0, 3507, 0, 0, 0, 0, 0, 0, 0, 0, 0, 0, 0, 0, 0, 0, 0, 0, 0, 0, 0, 0, 1, 3508
"/Users/amarok/src/natur-i-norge/scripts/database/tables/db_export/nin_PatternOfVariation.csv", "CSV", 0, 0, 7, 0, 0, 0, 0, 0, 0, 0, 0, 0, 0, 0, 0, 0, 0, 0, 0, 0, 0, 0, 0, 1, 8
"/Users/amarok/src/natur-i-norge/scripts/database/tables/db_export/nin_Species.csv", "CSV", 0, 0, 589, 0, 0, 0, 0, 0, 0, 0, 0, 0, 0, 0, 0, 0, 0, 0, 0, 0, 0, 0, 0, 1, 590
"/Users/amarok/src/natur-i-norge/scripts/database/tables/db_export/nin_StandardSegment.csv", "CSV", 0, 0, 973, 0, 0, 0, 0, 0, 0, 0, 0, 0, 0, 0, 0, 0, 0, 0, 0, 0, 0, 0, 0, 1, 974
"/Users/amarok/src/natur-i-norge/scripts/database/tables/db_export/nin_StandardSegmentElement.csv", "CSV", 0, 0, 2093, 0, 0, 0, 0, 0, 0, 0, 0, 0, 0, 0, 0, 0, 0, 0, 0, 0, 0, 0, 0, 1, 2094
"/Users/amarok/src/natur-i-norge/scripts/database/tables/db_export/nin_StructuringProcess.csv", "CSV", 0, 0, 5, 0, 0, 0, 0, 0, 0, 0, 0, 0, 0, 0, 0, 0, 0, 0, 0, 0, 0, 0, 0, 1, 6
"/Users/amarok/src/natur-i-norge/scripts/info.log", "Log", 0, 0, 0, 0, 0, 0, 0, 0, 0, 0, 0, 0, 0, 0, 0, 0, 0, 0, 0, 0, 0, 0, 0, 1, 1
"/Users/amarok/src/natur-i-norge/scripts/nin_struktur/manage.py", "Python", 15, 0, 0, 0, 0, 0, 0, 0, 0, 0, 0, 0, 0, 0, 0, 0, 0, 0, 0, 0, 0, 0, 3, 5, 23
"/Users/amarok/src/natur-i-norge/scripts/nin_struktur/nin/__init__.py", "Python", 0, 0, 0, 0, 0, 0, 0, 0, 0, 0, 0, 0, 0, 0, 0, 0, 0, 0, 0, 0, 0, 0, 0, 1, 1
"/Users/amarok/src/natur-i-norge/scripts/nin_struktur/nin/admin.py", "Python", 8, 0, 0, 0, 0, 0, 0, 0, 0, 0, 0, 0, 0, 0, 0, 0, 0, 0, 0, 0, 0, 0, 26, 8, 42
"/Users/amarok/src/natur-i-norge/scripts/nin_struktur/nin/apps.py", "Python", 3, 0, 0, 0, 0, 0, 0, 0, 0, 0, 0, 0, 0, 0, 0, 0, 0, 0, 0, 0, 0, 0, 0, 3, 6
"/Users/amarok/src/natur-i-norge/scripts/nin_struktur/nin/migrations/0001_initial.py", "Python", 259, 0, 0, 0, 0, 0, 0, 0, 0, 0, 0, 0, 0, 0, 0, 0, 0, 0, 0, 0, 0, 0, 1, 7, 267
"/Users/amarok/src/natur-i-norge/scripts/nin_struktur/nin/migrations/__init__.py", "Python", 0, 0, 0, 0, 0, 0, 0, 0, 0, 0, 0, 0, 0, 0, 0, 0, 0, 0, 0, 0, 0, 0, 0, 1, 1
"/Users/amarok/src/natur-i-norge/scripts/nin_struktur/nin/models.py", "Python", 171, 0, 0, 0, 0, 0, 0, 0, 0, 0, 0, 0, 0, 0, 0, 0, 0, 0, 0, 0, 0, 0, 8, 70, 249
"/Users/amarok/src/natur-i-norge/scripts/nin_struktur/nin/tests.py", "Python", 1, 0, 0, 0, 0, 0, 0, 0, 0, 0, 0, 0, 0, 0, 0, 0, 0, 0, 0, 0, 0, 0, 1, 2, 4
"/Users/amarok/src/natur-i-norge/scripts/nin_struktur/nin/views.py", "Python", 1, 0, 0, 0, 0, 0, 0, 0, 0, 0, 0, 0, 0, 0, 0, 0, 0, 0, 0, 0, 0, 0, 1, 2, 4
"/Users/amarok/src/natur-i-norge/scripts/nin_struktur/nin_struktur/__init__.py", "Python", 0, 0, 0, 0, 0, 0, 0, 0, 0, 0, 0, 0, 0, 0, 0, 0, 0, 0, 0, 0, 0, 0, 0, 1, 1
"/Users/amarok/src/natur-i-norge/scripts/nin_struktur/nin_struktur/asgi.py", "Python", 4, 0, 0, 0, 0, 0, 0, 0, 0, 0, 0, 0, 0, 0, 0, 0, 0, 0, 0, 0, 0, 0, 8, 5, 17
"/Users/amarok/src/natur-i-norge/scripts/nin_struktur/nin_struktur/nin_db_router.py", "Python", 32, 0, 0, 0, 0, 0, 0, 0, 0, 0, 0, 0, 0, 0, 0, 0, 0, 0, 0, 0, 0, 0, 16, 9, 57
"/Users/amarok/src/natur-i-norge/scripts/nin_struktur/nin_struktur/settings.py", "Python", 73, 0, 0, 0, 0, 0, 0, 0, 0, 0, 0, 0, 0, 0, 0, 0, 0, 0, 0, 0, 0, 0, 25, 31, 129
"/Users/amarok/src/natur-i-norge/scripts/nin_struktur/nin_struktur/urls.py", "Python", 5, 0, 0, 0, 0, 0, 0, 0, 0, 0, 0, 0, 0, 0, 0, 0, 0, 0, 0, 0, 0, 0, 15, 2, 22
"/Users/amarok/src/natur-i-norge/scripts/nin_struktur/nin_struktur/wsgi.py", "Python", 4, 0, 0, 0, 0, 0, 0, 0, 0, 0, 0, 0, 0, 0, 0, 0, 0, 0, 0, 0, 0, 0, 8, 5, 17
"/Users/amarok/src/natur-i-norge/scripts/nin_struktur/reset.sh", "Shell Script", 0, 0, 0, 0, 7, 0, 0, 0, 0, 0, 0, 0, 0, 0, 0, 0, 0, 0, 0, 0, 0, 0, 1, 0, 8
"/Users/amarok/src/natur-i-norge/scripts/sql/Natur i Norge.sql", "SQL", 0, 0, 0, 0, 0, 0, 0, 0, 0, 0, 0, 0, 131, 0, 0, 0, 0, 0, 0, 0, 0, 0, 0, 53, 184
"/Users/amarok/src/natur-i-norge/scripts/sql/create_dump.sql", "SQL", 0, 0, 0, 0, 0, 0, 0, 0, 0, 0, 0, 0, 0, 0, 0, 0, 0, 0, 0, 0, 0, 0, 0, 1, 1
"Total", "-", 1602, 58, 76209, 778, 9, 105, 9, 13058, 104, 10, 98, 235, 131, 14, 0, 29, 458065, 86, 12, 20753, 1, 20942, 19540, 9832, 621680