gbif_id,name_latin,name_nb,basestreng,basestreng_codes,basestreng_layers,v23_minor_types,n_minor_types,v30_basestreng,alignment_status,notes
5283402,Abietinella abietina,granmose,v*;s*[KA∙h|g],"[""v*"", ""s*""]","[""v*"", ""s*""]",T4-12,1,,pending,
5283402,Abietinella abietina,granmose,"v;s*[KA·h|g],s*[UF∙c|b]","[""v"", ""s*"", ""s*""]","[""v"", ""s*"", ""s*""]",T4-8,1,,pending,
5283402,Abietinella abietina,granmose,v;s*[KA∙h|g],"[""v"", ""s*""]","[""v"", ""s*""]",T4-16,1,,pending,
3189846,Acer platanoides,spisslønn,v,"[""v""]","[""v""]",T4-4,1,,pending,
2927116,Acinos arvensis,bakkemynte,s*[KA∙h|g],"[""s*""]","[""s*""]","T4-12,T4-16",2,,pending,
6374443,Aconitum septentrionale,tyrihjelm,m;v;s+[KA∙f|e],"[""m"", ""v"", ""s+""]","[""m"", ""v"", ""s+""]",T4-18,1,,pending,
6374443,Aconitum septentrionale,tyrihjelm,v,"[""v""]","[""v""]",T4-19,1,,pending,
5371473,Actaea spicata,trollbær,v;s-[KA∙h|g],"[""v"", ""s-""]","[""v"", ""s-""]",T4-4,1,,pending,
2706465,Agrostis canina,hundekvein,v,"[""v""]","[""v""]",T4-20,1,,pending,
3027437,Alchemilla,marikåper,v;s+[KA∙f|e],"[""v"", ""s+""]","[""v"", ""s+""]",T4-18,1,,pending,
2857601,Allium ursinum,ramsløk,s*[KA∙f|e],"[""s*""]","[""s*""]",T4-3,1,,pending,
2857601,Allium ursinum,ramsløk,s-[KA∙h|g],"[""s-""]","[""s-""]",T4-4,1,,pending,
9148577,Alnus incana,gråor,v,"[""v""]","[""v""]","T4-17,T4-19",2,,pending,
9148577,Alnus incana,gråor,v;s-[KA∙f|e],"[""v"", ""s-""]","[""v"", ""s-""]",T4-18,1,,pending,
3033263,Anemone nemorosa,hvitveis,m*;v*,"[""m*"", ""v*""]","[""m*"", ""v*""]","T4-3,T4-4",2,,pending,
3033263,Anemone nemorosa,hvitveis,m;v*,"[""m"", ""v*""]","[""m"", ""v*""]",T4-17,1,,pending,
3033263,Anemone nemorosa,hvitveis,v,"[""v""]","[""v""]","T4-1,T4-5,T4-7,T4-19,T4-20",5,,pending,
3033263,Anemone nemorosa,hvitveis,v*,"[""v*""]","[""v*""]","T4-8,T4-18",2,,pending,
3033263,Anemone nemorosa,hvitveis,v;s+[UF·d|e],"[""v"", ""s+""]","[""v"", ""s+""]",T4-6,1,,pending,
3033263,Anemone nemorosa,hvitveis,v;s-[KA∙d|c],"[""v"", ""s-""]","[""v"", ""s-""]",T4-2,1,,pending,
5371818,Angelica sylvestris,sløke,s-[KA∙f|e],"[""s-""]","[""s-""]",T4-18,1,,pending,
5385604,Antennaria dioica,kattefot,v,"[""v""]","[""v""]","T4-14,T4-16",2,,pending,
5385604,Antennaria dioica,kattefot,v;s+[UF·e|d],"[""v"", ""s+""]","[""v"", ""s+""]","T4-10,T4-11,T4-12",3,,pending,
5385604,Antennaria dioica,kattefot,v;s-[KA∙f|e],"[""v"", ""s-""]","[""v"", ""s-""]",T4-15,1,,pending,
3052436,Arabidopsis thaliana,vårskrinneblom,s*[KA∙g|f],"[""s*""]","[""s*""]","T4-15,T4-16",2,,pending,
2882580,Arctostaphylos uva-ursi,melbær,v*;s+[UF·g|f],"[""v*"", ""s+""]","[""v*"", ""s+""]",T4-14,1,,pending,
2882580,Arctostaphylos uva-ursi,melbær,v;s*[UF∙g|f],"[""v"", ""s*""]","[""v"", ""s*""]",T4-16,1,,pending,
2882580,Arctostaphylos uva-ursi,melbær,v;s+[UF·g|f],"[""v"", ""s+""]","[""v"", ""s+""]","T4-13,T4-15",2,,pending,
3121461,Artemisia campestris,markmalurt,"s*[KA∙f|e],s*[UF∙g|f]","[""s*"", ""s*""]","[""s*"", ""s*""]","T4-15,T4-16",2,,pending,
5275045,Athyrium distentifolium,fjellburkne,m;v[NB],"[""m"", ""v""]","[""m"", ""v""]",T4-17,1,,pending,
5275044,Athyrium filix-femina,skogburkne,m*;v*,"[""m*"", ""v*""]","[""m*"", ""v*""]",T4-17,1,,pending,
5275044,Athyrium filix-femina,skogburkne,m;v*,"[""m"", ""v*""]","[""m"", ""v*""]",T4-18,1,,pending,
4149465,Avenella flexuosa,smyle,s*[UF·f|g],"[""s*""]","[""s*""]","T4-9,T4-10,T4-11,T4-12",4,,pending,
4149465,Avenella flexuosa,smyle,v,"[""v""]","[""v""]","T4-4,T4-8,T4-18",3,,pending,
4149465,Avenella flexuosa,smyle,v*,"[""v*""]","[""v*""]","T4-1,T4-2,T4-3,T4-5,T4-6,T4-7,T4-17",7,,pending,
2689429,Barbilophozia lycopodioides,gåsefotskjeggmose,"m[O3-OC,SB-NB]","[""m""]","[""m""]",T4-1,1,,pending,
2689429,Barbilophozia lycopodioides,gåsefotskjeggmose,v,"[""v""]","[""v""]","T4-3,T4-4,T4-9,T4-17",4,,pending,
2689429,Barbilophozia lycopodioides,gåsefotskjeggmose,"v*[O3-O1,SB-NB]","[""v*""]","[""v*""]","T4-5,T4-6",2,,pending,
2689429,Barbilophozia lycopodioides,gåsefotskjeggmose,"v;m[O3-OC,SB-NB]","[""v"", ""m""]","[""v"", ""m""]",T4-2,1,,pending,
3033894,Berberis vulgaris,berberis,s-[KA·h|g],"[""s-""]","[""s-""]",T4-8,1,,pending,
3033894,Berberis vulgaris,berberis,v;s-[KA·h|g],"[""v"", ""s-""]","[""v"", ""s-""]",T4-12,1,,pending,
2875008,Betula,bjørkearter,v,"[""v""]","[""v""]","T4-7,T4-11",2,,pending,
5331916,Betula pendula,hengebjørk,v,"[""v""]","[""v""]",T4-8,1,,pending,
9118014,Betula pubescens,bjørk,m,"[""m""]","[""m""]","T4-9,T4-10,T4-18",3,,pending,
9118014,Betula pubescens,bjørk,"m*[NB],v","[""m*"", ""v""]","[""m*"", ""v""]","T4-13,T4-14",2,,pending,
9118014,Betula pubescens,bjørk,m;v,"[""m"", ""v""]","[""m"", ""v""]","T4-1,T4-2,T4-3,T4-5,T4-6,T4-17",6,,pending,
2651523,Blechnum spicant,bjørnekam,v[O3-O2],"[""v""]","[""v""]","T4-1,T4-17",2,,pending,
5290146,Brachypodium sylvaticum,lundgrønnaks,s-[KA∙h|g],"[""s-""]","[""s-""]","T4-4,T4-8",2,,pending,
8418702,Brachythecium salebrosum,lilundmose,v,"[""v""]","[""v""]",T4-18,1,,pending,
2702789,Briza media,hjertegras,v;s*[KA∙h|g],"[""v"", ""s*""]","[""v"", ""s*""]","T4-12,T4-20",2,,pending,
2702789,Briza media,hjertegras,"v;s*[KA∙h|g],s+[UF∙c|b]","[""v"", ""s*"", ""s+""]","[""v"", ""s*"", ""s+""]",T4-19,1,,pending,
4112836,Bromopsis benekenii,skogfaks,s-[KA·h|g],"[""s-""]","[""s-""]","T4-4,T4-8",2,,pending,
4109084,Calamagrostis arundinacea,snerprørkvein,v[Ø],"[""v""]","[""v""]","T4-2,T4-3,T4-4,T4-6,T4-7,T4-8,T4-11",7,,pending,
6431455,Calamagrostis epigejos,bergrørkvein,s*[KA∙f|e],"[""s*""]","[""s*""]","T4-11,T4-15",2,,pending,
6431455,Calamagrostis epigejos,bergrørkvein,s+[KA∙h|g],"[""s+""]","[""s+""]",T4-16,1,,pending,
6431455,Calamagrostis epigejos,bergrørkvein,v;s+[KA∙h|g],"[""v"", ""s+""]","[""v"", ""s+""]",T4-12,1,,pending,
4151143,Calamagrostis phragmitoides,skogrørkvein,v;s+[KA·d|c],"[""v"", ""s+""]","[""v"", ""s+""]",T4-17,1,,pending,
2882482,Calluna vulgaris,røsslyng,,,,T4-15,1,,pending,
2882482,Calluna vulgaris,røsslyng,m*;v*,"[""m*"", ""v*""]","[""m*"", ""v*""]",T4-9,1,,pending,
2882482,Calluna vulgaris,røsslyng,m*;v*;s*[KA∙d|c],"[""m*"", ""v*"", ""s*""]","[""m*"", ""v*"", ""s*""]",T4-10,1,,pending,
2882482,Calluna vulgaris,røsslyng,m;v,"[""m"", ""v""]","[""m"", ""v""]",T4-14,1,,pending,
2882482,Calluna vulgaris,røsslyng,m;v*,"[""m"", ""v*""]","[""m"", ""v*""]",T4-13,1,,pending,
2882482,Calluna vulgaris,røsslyng,v,"[""v""]","[""v""]",T4-11,1,,pending,
2882482,Calluna vulgaris,røsslyng,v*,"[""v*""]","[""v*""]",T4-20,1,,pending,
2882482,Calluna vulgaris,røsslyng,v*;s*[UF∙c|b],"[""v*"", ""s*""]","[""v*"", ""s*""]","T4-5,T4-6",2,,pending,
2882482,Calluna vulgaris,røsslyng,v;s*[UF∙c|b],"[""v"", ""s*""]","[""v"", ""s*""]",T4-19,1,,pending,
4276969,Calypogeia azurea,blåflak,t*,"[""t*""]","[""t*""]",T4-17,1,,pending,
2689329,Calypogeia muelleriana,sumpflak,v,"[""v""]","[""v""]","T4-1,T4-17",2,,pending,
5411408,Campanula latifolia,storklokke,v[BN];s-[KA∙f|e],"[""v"", ""s-""]","[""v"", ""s-""]",T4-18,1,,pending,
5411475,Campanula persicifolia,fagerklokke,s+[KA∙f|e],"[""s+""]","[""s+""]",T4-11,1,,pending,
5411475,Campanula persicifolia,fagerklokke,s-[KA∙h|g],"[""s-""]","[""s-""]","T4-8,T4-12",2,,pending,
5410907,Campanula rotundifolia,blåklokke,,,,T4-15,1,,pending,
5410907,Campanula rotundifolia,blåklokke,v,"[""v""]","[""v""]","T4-10,T4-11,T4-16",3,,pending,
5410907,Campanula rotundifolia,blåklokke,v*,"[""v*""]","[""v*""]",T4-12,1,,pending,
5412014,Campanula trachelium,nesleklokke,v;s-[KA∙h|g],"[""v"", ""s-""]","[""v"", ""s-""]",T4-4,1,,pending,
4279903,Campylium stellatum,myrstjernemose,s*[UF∙c|b],"[""s*""]","[""s*""]",T4-19,1,,pending,
4279903,Campylium stellatum,myrstjernemose,s*[UF∙e|d],"[""s*""]","[""s*""]",T4-20,1,,pending,
3045931,Cardamine bulbifera,tannrot,s-[KA∙h|g],"[""s-""]","[""s-""]",T4-4,1,,pending,
2729936,Carex capillaris,hårstarr,s+[KA·h|g],"[""s+""]","[""s+""]",T4-20,1,,pending,
2729936,Carex capillaris,hårstarr,"s+[KA·h|g],s-[UF∙c|b]","[""s+"", ""s-""]","[""s+"", ""s-""]",T4-19,1,,pending,
2727038,Carex digitata,fingerstarr,v,"[""v""]","[""v""]",T4-7,1,,pending,
2727038,Carex digitata,fingerstarr,v*,"[""v*""]","[""v*""]","T4-4,T4-8",2,,pending,
2727038,Carex digitata,fingerstarr,v*;s+[KA∙f|e],"[""v*"", ""s+""]","[""v*"", ""s+""]",T4-3,1,,pending,
2727038,Carex digitata,fingerstarr,v;s+[KA∙f|e],"[""v"", ""s+""]","[""v"", ""s+""]","T4-11,T4-12",2,,pending,
2727938,Carex flacca,blåstarr,s*[UF∙e|d],"[""s*""]","[""s*""]",T4-20,1,,pending,
2726880,Carex flava,gulstarr,s*[UF∙e|d],"[""s*""]","[""s*""]",T4-20,1,,pending,
2724609,Carex panicea,kornstarr,"s+[KA·h|g],s-[UF∙c|b]","[""s+"", ""s-""]","[""s+"", ""s-""]",T4-19,1,,pending,
2724609,Carex panicea,kornstarr,"s+[KA·h|g],s-[UF∙e|d]","[""s+"", ""s-""]","[""s+"", ""s-""]",T4-20,1,,pending,
2722602,Carex sylvatica,skogstarr,s*[KA∙h|g],"[""s*""]","[""s*""]",T4-18,1,,pending,
10760205,Cetraria islandica,islandslav,m;v,"[""m"", ""v""]","[""m"", ""v""]","T4-9,T4-13,T4-14,T4-15",4,,pending,
10760205,Cetraria islandica,islandslav,v,"[""v""]","[""v""]",T4-11,1,,pending,
10760205,Cetraria islandica,islandslav,v*,"[""v*""]","[""v*""]",T4-10,1,,pending,
5383726,Chamaepericlymenum suecicum,skrubbær,"m[O3-O2],v[O3-O1]","[""m"", ""v""]","[""m"", ""v""]","T4-1,T4-17",2,,pending,
5383726,Chamaepericlymenum suecicum,skrubbær,v[O3-O1],"[""v""]","[""v""]",T4-5,1,,pending,
7339315,Chrysosplenium alternifolium,maigull,v;s*[KA·e|d],"[""v"", ""s*""]","[""v"", ""s*""]",T4-17,1,,pending,
7339315,Chrysosplenium alternifolium,maigull,v;s-[KA·f|e],"[""v"", ""s-""]","[""v"", ""s-""]",T4-18,1,,pending,
3087634,Cicerbita alpina,turt,s+[KA∙f|e],"[""s+""]","[""s+""]",T4-18,1,,pending,
3188797,Circaea alpina,trollurt,s-[KA·f|e],"[""s-""]","[""s-""]","T4-3,T4-4,T4-18",3,,pending,
3188794,Circaea lutetiana,stortrollurt,s*[KA·f|e],"[""s*""]","[""s*""]","T4-4,T4-18",2,,pending,
8186928,Circaea ×intermedia,mellomtrollurt,s+[KA·f|e],"[""s+""]","[""s+""]","T4-3,T4-4,T4-18",3,,pending,
2679761,Cirriphyllum piliferum,lundveikmose,v,"[""v""]","[""v""]","T4-3,T4-4,T4-18",3,,pending,
3113745,Cirsium heterophyllum,hvitbladtistel,v,"[""v""]","[""v""]",T4-19,1,,pending,
3113745,Cirsium heterophyllum,hvitbladtistel,v;s+[KA∙f|e],"[""v"", ""s+""]","[""v"", ""s+""]",T4-18,1,,pending,
2607519,Cladonia,begerlav,v,"[""v""]","[""v""]",T4-5,1,,pending,
2607648,Cladonia arbuscula,lys reinlav,m;v,"[""m"", ""v""]","[""m"", ""v""]","T4-9,T4-15",2,,pending,
2607648,Cladonia arbuscula,lys reinlav,m;v*,"[""m"", ""v*""]","[""m"", ""v*""]","T4-13,T4-14",2,,pending,
2607648,Cladonia arbuscula,lys reinlav,v,"[""v""]","[""v""]","T4-5,T4-6,T4-11,T4-12,T4-16",5,,pending,
2607648,Cladonia arbuscula,lys reinlav,v*,"[""v*""]","[""v*""]",T4-10,1,,pending,
2607708,Cladonia rangiferina,grå reinlav,m;v,"[""m"", ""v""]","[""m"", ""v""]","T4-9,T4-15",2,,pending,
2607708,Cladonia rangiferina,grå reinlav,m;v*,"[""m"", ""v*""]","[""m"", ""v*""]","T4-10,T4-13,T4-14",3,,pending,
2607708,Cladonia rangiferina,grå reinlav,v,"[""v""]","[""v""]","T4-5,T4-6,T4-11,T4-12,T4-16",5,,pending,
2607712,Cladonia stellaris,kvitkrull,m*;v*,"[""m*"", ""v*""]","[""m*"", ""v*""]","T4-13,T4-14",2,,pending,
2607712,Cladonia stellaris,kvitkrull,m;v,"[""m"", ""v""]","[""m"", ""v""]","T4-9,T4-15",2,,pending,
2607712,Cladonia stellaris,kvitkrull,v,"[""v""]","[""v""]","T4-10,T4-11,T4-16",3,,pending,
11103124,Cladonia uncialis,pigglav,v;s-[UF·g|f],"[""v"", ""s-""]","[""v"", ""s-""]","T4-13,T4-14,T4-15",3,,pending,
2926945,Clinopodium vulgare,kransmynte,s-[KA∙h|g],"[""s-""]","[""s-""]",T4-8,1,,pending,
10673235,Clitopaxillus alexandri,sørlig pluggtraktsopp,s+[KA∙h|g],"[""s+""]","[""s+""]",T4-4,1,,pending,
7459480,Convallaria majalis,liljekonvall,m*;v*,"[""m*"", ""v*""]","[""m*"", ""v*""]",T4-12,1,,pending,
7459480,Convallaria majalis,liljekonvall,m;v,"[""m"", ""v""]","[""m"", ""v""]",T4-11,1,,pending,
7459480,Convallaria majalis,liljekonvall,m;v*,"[""m"", ""v*""]","[""m"", ""v*""]",T4-8,1,,pending,
7459480,Convallaria majalis,liljekonvall,v,"[""v""]","[""v""]","T4-3,T4-4,T4-15,T4-19,T4-20",5,,pending,
7459480,Convallaria majalis,liljekonvall,v*,"[""v*""]","[""v*""]","T4-7,T4-16",2,,pending,
2529264,Cortinarius cupreorufus,kopperrød slørsopp,s+[KA∙h|g],"[""s+""]","[""s+""]",T4-4,1,,pending,
5531229,Corydalis intermedia,lerkespore,s+[KA·f|e],"[""s+""]","[""s+""]",T4-4,1,,pending,
5531229,Corydalis intermedia,lerkespore,s-[KA·h|g],"[""s-""]","[""s-""]",T4-8,1,,pending,
2875979,Corylus avellana,hassel,v,"[""v""]","[""v""]",T4-4,1,,pending,
2875979,Corylus avellana,hassel,"v*;s-[UF∙d|e],s-[KA∙f|e]","[""v*"", ""s-"", ""s-""]","[""v*"", ""s-"", ""s-""]",T4-7,1,,pending,
2875979,Corylus avellana,hassel,v;s-[KA∙f|e],"[""v"", ""s-""]","[""v"", ""s-""]",T4-3,1,,pending,
2875979,Corylus avellana,hassel,v;s-[UF∙d|e],"[""v"", ""s-""]","[""v"", ""s-""]",T4-8,1,,pending,
3026293,Cotoneaster scandinavicus,dvergmispel,s*[KA∙h|g],"[""s*""]","[""s*""]",T4-12,1,,pending,
5403296,Crepis paludosa,sumphaukeskjegg,v,"[""v""]","[""v""]",T4-19,1,,pending,
5403296,Crepis paludosa,sumphaukeskjegg,v;s+[KA∙f|e],"[""v"", ""s+""]","[""v"", ""s+""]",T4-18,1,,pending,
5403508,Crepis tectorum,takhaukeskjegg,s*[KA∙f|e],"[""s*""]","[""s*""]",T4-15,1,,pending,
2682534,Ctenidium molluscum,kammose,v*;s*[KA∙h|g],"[""v*"", ""s*""]","[""v*"", ""s*""]",T4-12,1,,pending,
2682534,Ctenidium molluscum,kammose,v;s*[KA∙h|g],"[""v"", ""s*""]","[""v"", ""s*""]","T4-8,T4-16",2,,pending,
2820517,Cypripedium calceolus,marisko,s*[KA∙h|g],"[""s*""]","[""s*""]",T4-18,1,,pending,
2650808,Cystopteris montana,fjell-lok,s*[KA∙h|g],"[""s*""]","[""s*""]",T4-18,1,,pending,
2810284,Dactylorhiza viridis,grønnkurle,v;s-[KA∙f|e],"[""v"", ""s-""]","[""v"", ""s-""]",T4-3,1,,pending,
2810284,Dactylorhiza viridis,grønnkurle,v;s-[KA∙h|g],"[""v"", ""s-""]","[""v"", ""s-""]","T4-4,T4-8",2,,pending,
5420852,Daphne mezereum,tysbast,s-[KA·h|g],"[""s-""]","[""s-""]","T4-4,T4-8",2,,pending,
2675458,Dicranum drummondii,kjempesigd,t*,"[""t*""]","[""t*""]",T4-9,1,,pending,
2675458,Dicranum drummondii,kjempesigd,v,"[""v""]","[""v""]",T4-13,1,,pending,
8132213,Dicranum fuscescens,bergsigd,v,"[""v""]","[""v""]","T4-1,T4-6,T4-7,T4-11,T4-13,T4-14,T4-15",7,,pending,
8132213,Dicranum fuscescens,bergsigd,v*,"[""v*""]","[""v*""]","T4-5,T4-9,T4-10",3,,pending,
2675427,Dicranum majus,blanksigd,m*;v*,"[""m*"", ""v*""]","[""m*"", ""v*""]","T4-1,T4-2",2,,pending,
2675427,Dicranum majus,blanksigd,m;v,"[""m"", ""v""]","[""m"", ""v""]","T4-5,T4-6",2,,pending,
2675427,Dicranum majus,blanksigd,m;v*,"[""m"", ""v*""]","[""m"", ""v*""]",T4-3,1,,pending,
2675427,Dicranum majus,blanksigd,v,"[""v""]","[""v""]","T4-4,T4-7,T4-18",3,,pending,
2675427,Dicranum majus,blanksigd,v*,"[""v*""]","[""v*""]",T4-17,1,,pending,
2675494,Dicranum polysetum,krussigd,m;v,"[""m"", ""v""]","[""m"", ""v""]",T4-11,1,,pending,
2675494,Dicranum polysetum,krussigd,m;v*,"[""m"", ""v*""]","[""m"", ""v*""]","T4-9,T4-10",2,,pending,
2675494,Dicranum polysetum,krussigd,v,"[""v""]","[""v""]","T4-8,T4-12,T4-13,T4-14,T4-15,T4-16",6,,pending,
2675494,Dicranum polysetum,krussigd,v;s*[UF·c|b],"[""v"", ""s*""]","[""v"", ""s*""]",T4-5,1,,pending,
2675494,Dicranum polysetum,krussigd,v;s*[UF∙c|b],"[""v"", ""s*""]","[""v"", ""s*""]","T4-6,T4-7",2,,pending,
2675446,Dicranum scoparium,ribbesigd,m;v,"[""m"", ""v""]","[""m"", ""v""]",T4-11,1,,pending,
2675446,Dicranum scoparium,ribbesigd,m;v*,"[""m"", ""v*""]","[""m"", ""v*""]","T4-5,T4-9",2,,pending,
2675446,Dicranum scoparium,ribbesigd,v,"[""v""]","[""v""]","T4-3,T4-4,T4-13,T4-14,T4-15,T4-16",6,,pending,
2675446,Dicranum scoparium,ribbesigd,v*,"[""v*""]","[""v*""]","T4-1,T4-2,T4-6,T4-7,T4-8,T4-10,T4-12",7,,pending,
2675434,Dicranum spurium,rabbesigd,s-[UF∙g|f],"[""s-""]","[""s-""]",T4-14,1,,pending,
2675434,Dicranum spurium,rabbesigd,t*,"[""t*""]","[""t*""]",T4-13,1,,pending,
4889932,Dryas octopetala,reinrose,s+[KA·h|g],"[""s+""]","[""s+""]","T4-12,T4-16",2,,pending,
4120440,Drymochloa sylvatica,skogsvingel,s+[KA·e|d],"[""s+""]","[""s+""]",T4-2,1,,pending,
4120440,Drymochloa sylvatica,skogsvingel,v,"[""v""]","[""v""]","T4-3,T4-4",2,,pending,
5275102,Dryopteris expansa,sauetelg,v;s-[KI·b|a],"[""v"", ""s-""]","[""v"", ""s-""]",T4-18,1,,pending,
5275102,Dryopteris expansa,sauetelg,"v;t¤[KA·de],s-[KI·b|a]","[""v"", ""t"", ""s-""]","[""v"", ""t"", ""s-""]",T4-17,1,,pending,
5275132,Dryopteris filix-mas,ormetelg,v,"[""v""]","[""v""]","T4-3,T4-18",2,,pending,
5290319,Elymus caninus,hundekveke,s*[KA∙g|f],"[""s*""]","[""s*""]",T4-18,1,,pending,
8925249,Empetrum nigrum,krekling,m;v*,"[""m"", ""v*""]","[""m"", ""v*""]","T4-9,T4-10",2,,pending,
8925249,Empetrum nigrum,krekling,v,"[""v""]","[""v""]","T4-5,T4-6,T4-11,T4-13,T4-14,T4-15",6,,pending,
5318958,Epipactis atrorubens,rødflangre,s*[KA∙h|g],"[""s*""]","[""s*""]",T4-16,1,,pending,
5318958,Epipactis atrorubens,rødflangre,"s*[KA∙h|g],s*[UF∙c|b]","[""s*"", ""s*""]","[""s*"", ""s*""]",T4-8,1,,pending,
5318958,Epipactis atrorubens,rødflangre,"v;s*[KA∙h|gh],s-[UF·e|d]","[""v"", ""s*"", ""s-""]","[""v"", ""s*"", ""s-""]",T4-12,1,,pending,
8998684,Epipactis helleborine,breiflangre,s-[KA·h|g],"[""s-""]","[""s-""]",T4-4,1,,pending,
2687929,Equisetum sylvaticum,skogsnelle,v,"[""v""]","[""v""]",T4-17,1,,pending,
2680225,Eurhynchium angustirete,hasselmoldmose,s+[KA∙f|e],"[""s+""]","[""s+""]",T4-3,1,,pending,
2680225,Eurhynchium angustirete,hasselmoldmose,v,"[""v""]","[""v""]",T4-4,1,,pending,
2704951,Festuca ovina,sauesvingel,s*[UF∙e|d],"[""s*""]","[""s*""]",T4-20,1,,pending,
2704951,Festuca ovina,sauesvingel,s+[KA∙d|c],"[""s+""]","[""s+""]","T4-10,T4-14",2,,pending,
2704951,Festuca ovina,sauesvingel,v*;s+[KA∙h|g],"[""v*"", ""s+""]","[""v*"", ""s+""]",T4-16,1,,pending,
2704951,Festuca ovina,sauesvingel,v;s+[KA∙f|e],"[""v"", ""s+""]","[""v"", ""s+""]","T4-11,T4-15",2,,pending,
2704951,Festuca ovina,sauesvingel,v;s+[KA∙h|g],"[""v"", ""s+""]","[""v"", ""s+""]",T4-12,1,,pending,
9094061,Ficaria verna,vårkål,s-[KA·h|g],"[""s-""]","[""s-""]",T4-4,1,,pending,
2987999,Filipendula ulmaria,mjødurt,v;s+[KA∙f|e],"[""v"", ""s+""]","[""v"", ""s+""]",T4-18,1,,pending,
2988069,Filipendula vulgaris,knollmjødurt,s+[KA∙h|g],"[""s+""]","[""s+""]","T4-12,T4-16",2,,pending,
5281267,Fissidens adianthoides,saglommemose,v,"[""v""]","[""v""]",T4-20,1,,pending,
10448252,Flexitrichum flexicaule,storbust,s*[KA∙h|g],"[""s*""]","[""s*""]",T4-16,1,,pending,
3029817,Fragaria vesca,markjordbær,v,"[""v""]","[""v""]","T4-4,T4-8,T4-12,T4-16,T4-19,T4-20",6,,pending,
3029817,Fragaria vesca,markjordbær,v;s+[KAf|e],"[""v"", ""s+""]","[""v"", ""s+""]","T4-3,T4-7",2,,pending,
3029817,Fragaria vesca,markjordbær,v;s+[KA·f|e],"[""v"", ""s+""]","[""v"", ""s+""]",T4-11,1,,pending,
3172358,Fraxinus excelsior,ask,m,"[""m""]","[""m""]",T4-18,1,,pending,
2914338,Galium boreale,hvitmaure,s+[KA∙f|e],"[""s+""]","[""s+""]","T4-7,T4-11",2,,pending,
2914338,Galium boreale,hvitmaure,s+[UF∙c|b],"[""s+""]","[""s+""]","T4-19,T4-20",2,,pending,
2914338,Galium boreale,hvitmaure,v,"[""v""]","[""v""]","T4-8,T4-12",2,,pending,
2914642,Galium odoratum,myske,v;s+[KA∙h|g],"[""v"", ""s+""]","[""v"", ""s+""]",T4-4,1,,pending,
9063248,Galium verum,gulmaure,v;s+[KA∙h|g],"[""v"", ""s+""]","[""v"", ""s+""]","T4-12,T4-16",2,,pending,
2890920,Geranium sanguineum,blodstorkenebb,v;s*[KA∙h|g],"[""v"", ""s*""]","[""v"", ""s*""]","T4-8,T4-12,T4-16",3,,pending,
2891147,Geranium sylvaticum,skogstorkenebb,m;v;s+[KA∙f|e],"[""m"", ""v"", ""s+""]","[""m"", ""v"", ""s+""]",T4-18,1,,pending,
2891147,Geranium sylvaticum,skogstorkenebb,v,"[""v""]","[""v""]","T4-4,T4-8,T4-17,T4-19,T4-20",5,,pending,
2891147,Geranium sylvaticum,skogstorkenebb,v;s+[KA∙f|e],"[""v"", ""s+""]","[""v"", ""s+""]","T4-3,T4-7",2,,pending,
5369701,Geum rivale,enghumleblom,v;s-[KA∙f|e],"[""v"", ""s-""]","[""v"", ""s-""]",T4-18,1,,pending,
5238786,Gomphus clavatus,fiolgubbe,s+[KA∙h|g],"[""s+""]","[""s+""]",T4-4,1,,pending,
7845022,Gymnadenia conopsea,engbrudespore,s+[KA∙h|g],"[""s+""]","[""s+""]",T4-20,1,,pending,
7845022,Gymnadenia conopsea,engbrudespore,"s+[KA∙h|g],s+[UF∙c|b]","[""s+"", ""s+""]","[""s+"", ""s+""]",T4-19,1,,pending,
2650832,Gymnocarpium dryopteris,fugletelg,m;v*,"[""m"", ""v*""]","[""m"", ""v*""]","T4-17,T4-18",2,,pending,
2650832,Gymnocarpium dryopteris,fugletelg,v,"[""v""]","[""v""]","T4-4,T4-19",2,,pending,
2650832,Gymnocarpium dryopteris,fugletelg,v*,"[""v*""]","[""v*""]",T4-3,1,,pending,
2650832,Gymnocarpium dryopteris,fugletelg,"v;m[O3-O2,NB]","[""v"", ""m""]","[""v"", ""m""]",T4-2,1,,pending,
2650832,Gymnocarpium dryopteris,fugletelg,"v;s+[UF∙b|c],m[O3-O2,NB]","[""v"", ""s+"", ""m""]","[""v"", ""s+"", ""m""]",T4-1,1,,pending,
2650841,Gymnocarpium robertianum,kalktelg,s+[KA·h|g],"[""s+""]","[""s+""]","T4-4,T4-8",2,,pending,
9245228,Hedlundia hybrida,rognasal,s*[KA∙f|e],"[""s*""]","[""s*""]","T4-7,T4-11",2,,pending,
9245228,Hedlundia hybrida,rognasal,s-[KA∙h|g],"[""s-""]","[""s-""]","T4-8,T4-12",2,,pending,
5371699,Hepatica nobilis,blåveis,s*[KA·f|e],"[""s*""]","[""s*""]",T4-7,1,,pending,
5371699,Hepatica nobilis,blåveis,v,"[""v""]","[""v""]","T4-4,T4-8",2,,pending,
5371699,Hepatica nobilis,blåveis,v;s*[KA∙f|e],"[""v"", ""s*""]","[""v"", ""s*""]",T4-3,1,,pending,
8605056,Hieracium murorum,skogsvever,v,"[""v""]","[""v""]",T4-4,1,,pending,
8605056,Hieracium murorum,skogsvever,v*,"[""v*""]","[""v*""]","T4-8,T4-12",2,,pending,
8605056,Hieracium murorum,skogsvever,v;s-[KA·d|c],"[""v"", ""s-""]","[""v"", ""s-""]",T4-2,1,,pending,
8605056,Hieracium murorum,skogsvever,v;s-[KA∙f|e],"[""v"", ""s-""]","[""v"", ""s-""]","T4-3,T4-7,T4-11",3,,pending,
8345757,Hylocomiadelphus triquetrus,storkransmose,m*,"[""m*""]","[""m*""]",T4-4,1,,pending,
8345757,Hylocomiadelphus triquetrus,storkransmose,m*;v*,"[""m*"", ""v*""]","[""m*"", ""v*""]","T4-3,T4-19",2,,pending,
8345757,Hylocomiadelphus triquetrus,storkransmose,m;v,"[""m"", ""v""]","[""m"", ""v""]",T4-8,1,,pending,
8345757,Hylocomiadelphus triquetrus,storkransmose,m;v;s+[KA∙f|e],"[""m"", ""v"", ""s+""]","[""m"", ""v"", ""s+""]",T4-18,1,,pending,
8345757,Hylocomiadelphus triquetrus,storkransmose,s+[KA∙d|c],"[""s+""]","[""s+""]",T4-2,1,,pending,
8345757,Hylocomiadelphus triquetrus,storkransmose,v,"[""v""]","[""v""]","T4-7,T4-17",2,,pending,
8345757,Hylocomiadelphus triquetrus,storkransmose,v*,"[""v*""]","[""v*""]",T4-20,1,,pending,
8345757,Hylocomiadelphus triquetrus,storkransmose,"v,s-[UF·f|g]","[""v"", ""s-""]","[""v"", ""s-""]","T4-11,T4-12",2,,pending,
8345757,Hylocomiadelphus triquetrus,storkransmose,"v;s+[KA∙d|c],s-[UF·f|g]","[""v"", ""s+"", ""s-""]","[""v"", ""s+"", ""s-""]",T4-10,1,,pending,
8345757,Hylocomiadelphus triquetrus,storkransmose,v;s-[KA∙d|c],"[""v"", ""s-""]","[""v"", ""s-""]",T4-6,1,,pending,
2679704,Hylocomiastrum umbratum,skyggehusmose,v,"[""v""]","[""v""]","T4-1,T4-17",2,,pending,
2679696,Hylocomium splendens,etasjemose,m*;v,"[""m*"", ""v""]","[""m*"", ""v""]",T4-4,1,,pending,
2679696,Hylocomium splendens,etasjemose,m*;v*,"[""m*"", ""v*""]","[""m*"", ""v*""]","T4-1,T4-2",2,,pending,
2679696,Hylocomium splendens,etasjemose,m;v*,"[""m"", ""v*""]","[""m"", ""v*""]","T4-5,T4-6,T4-8",3,,pending,
2679696,Hylocomium splendens,etasjemose,v,"[""v""]","[""v""]","T4-9,T4-18",2,,pending,
2679696,Hylocomium splendens,etasjemose,v*,"[""v*""]","[""v*""]","T4-3,T4-7,T4-10,T4-11,T4-12,T4-17,T4-19,T4-20",8,,pending,
7334631,Hylotelephium maximum,smørbukk,,,,T4-15,1,,pending,
3189486,Hypericum perforatum,prikkperikum,s-[KA∙h|f],"[""s-""]","[""s-""]",T4-12,1,,pending,
3093693,Hypochaeris maculata,flekkgrisøre,s-[KA·h|g],"[""s-""]","[""s-""]","T4-8,T4-12",2,,pending,
2684709,Juniperus communis,einer,v,"[""v""]","[""v""]","T4-8,T4-12,T4-16,T4-19,T4-20",5,,pending,
5356393,Lathyrus linifolius,knollerteknapp,s+[KA·d|c],"[""s+""]","[""s+""]",T4-2,1,,pending,
5356393,Lathyrus linifolius,knollerteknapp,s+[KA∙d|c],"[""s+""]","[""s+""]",T4-10,1,,pending,
5356393,Lathyrus linifolius,knollerteknapp,v,"[""v""]","[""v""]","T4-8,T4-12",2,,pending,
5356393,Lathyrus linifolius,knollerteknapp,v;s+[KA∙d|c],"[""v"", ""s+""]","[""v"", ""s+""]",T4-6,1,,pending,
5356393,Lathyrus linifolius,knollerteknapp,v;s-[KA∙f|e],"[""v"", ""s-""]","[""v"", ""s-""]","T4-3,T4-7,T4-11",3,,pending,
5356704,Lathyrus vernus,vårerteknapp,s-[KA∙h|g],"[""s-""]","[""s-""]",T4-4,1,,pending,
2675719,Leucobryum glaucum,blåmose,m;v[BN],"[""m"", ""v""]","[""m"", ""v""]",T4-13,1,,pending,
2675719,Leucobryum glaucum,blåmose,v(BN),"[""v""]","[""v""]",T4-9,1,,pending,
2675719,Leucobryum glaucum,blåmose,v[BN],"[""v""]","[""v""]",T4-14,1,,pending,
5334220,Linnaea borealis,linnea,v,"[""v""]","[""v""]","T4-3,T4-4,T4-7,T4-8",4,,pending,
5334220,Linnaea borealis,linnea,v;s*[UF·d|e],"[""v"", ""s*""]","[""v"", ""s*""]",T4-6,1,,pending,
5334220,Linnaea borealis,linnea,v;s-[UF·b|c],"[""v"", ""s-""]","[""v"", ""s-""]","T4-1,T4-2",2,,pending,
2873865,Linum catharticum,vill-lin,"s-[KA∙h|g],s-[UF∙c|d]","[""s-"", ""s-""]","[""s-"", ""s-""]",T4-19,1,,pending,
2873865,Linum catharticum,vill-lin,"s-[KA∙h|g],s-[UF∙e|d]","[""s-"", ""s-""]","[""s-"", ""s-""]",T4-20,1,,pending,
5334277,Lonicera periclymenum,vivendel,v,"[""v""]","[""v""]","T4-3,T4-7",2,,pending,
5334277,Lonicera periclymenum,vivendel,v;s-[KA∙d|c],"[""v"", ""s-""]","[""v"", ""s-""]","T4-2,T4-6",2,,pending,
5334259,Lonicera xylosteum,leddved,s-[KA∙h|g],"[""s-""]","[""s-""]",T4-8,1,,pending,
5334259,Lonicera xylosteum,leddved,"v;s-[KA∙h|g],s-[UF·b|c]","[""v"", ""s-"", ""s-""]","[""v"", ""s-"", ""s-""]",T4-4,1,,pending,
4276912,Lophocolea heterophylla,stubbeblonde,v,"[""v""]","[""v""]",T4-1,1,,pending,
2689212,Lophozia ventricosa,grokornflik,v,"[""v""]","[""v""]",T4-5,1,,pending,
5357013,Lotus corniculatus,tiriltunge,s+[KA∙f|e],"[""s+""]","[""s+""]","T4-11,T4-15",2,,pending,
5357013,Lotus corniculatus,tiriltunge,s-[KA∙h|g],"[""s-""]","[""s-""]","T4-12,T4-16",2,,pending,
2700736,Luzula pilosa,hårfrytle,v,"[""v""]","[""v""]","T4-2,T4-4,T4-17",3,,pending,
2700736,Luzula pilosa,hårfrytle,v*,"[""v*""]","[""v*""]",T4-3,1,,pending,
2700736,Luzula pilosa,hårfrytle,v;s*[UF∙f|g],"[""v"", ""s*""]","[""v"", ""s*""]",T4-9,1,,pending,
2700736,Luzula pilosa,hårfrytle,v;s-[UF∙b|c],"[""v"", ""s-""]","[""v"", ""s-""]",T4-1,1,,pending,
2700736,Luzula pilosa,hårfrytle,v;s-[UF∙d|e],"[""v"", ""s-""]","[""v"", ""s-""]","T4-5,T4-6,T4-7,T4-8",4,,pending,
2700736,Luzula pilosa,hårfrytle,v;s-[UF∙f|g],"[""v"", ""s-""]","[""v"", ""s-""]","T4-10,T4-11,T4-12",3,,pending,
2688369,Lycopodium annotinum,stri kråkefot,v,"[""v""]","[""v""]",T4-5,1,,pending,
2688369,Lycopodium annotinum,stri kråkefot,v;s-[UF·b|c],"[""v"", ""s-""]","[""v"", ""s-""]","T4-1,T4-2",2,,pending,
8272844,Lysimachia europaea,skogstjerne,v*,"[""v*""]","[""v*""]",T4-17,1,,pending,
8272844,Lysimachia europaea,skogstjerne,v*;s+[UF∙b|c],"[""v*"", ""s+""]","[""v*"", ""s+""]","T4-1,T4-2,T4-3",3,,pending,
2769317,Maianthemum bifolium,maiblom,v*,"[""v*""]","[""v*""]",T4-17,1,,pending,
2769317,Maianthemum bifolium,maiblom,v*;s+[UF∙b|c],"[""v*"", ""s+""]","[""v*"", ""s+""]","T4-1,T4-2,T4-3",3,,pending,
2769317,Maianthemum bifolium,maiblom,v;s-[UF∙b|c],"[""v"", ""s-""]","[""v"", ""s-""]",T4-4,1,,pending,
2650999,Matteuccia struthiopteris,strutseving,"s+[KA∙g|f],t¤[KI·bc]","[""s+"", ""t""]","[""s+"", ""t""]",T4-18,1,,pending,
7693914,Melampyrum pratense,stormarimjelle,v*,"[""v*""]","[""v*""]",T4-1,1,,pending,
7693914,Melampyrum pratense,stormarimjelle,v*;s-[KA∙e|f],"[""v*"", ""s-""]","[""v*"", ""s-""]",T4-2,1,,pending,
7693914,Melampyrum pratense,stormarimjelle,v*;s-[UF∙d|e],"[""v*"", ""s-""]","[""v*"", ""s-""]",T4-5,1,,pending,
7693914,Melampyrum pratense,stormarimjelle,v;s-[UF∙d|e],"[""v"", ""s-""]","[""v"", ""s-""]",T4-6,1,,pending,
7693914,Melampyrum pratense,stormarimjelle,v;s-[UF∙f|g],"[""v"", ""s-""]","[""v"", ""s-""]","T4-9,T4-10,T4-11",3,,pending,
7331633,Melampyrum sylvaticum,småmarimjelle,"v;s-[KA∙d|c],s-[UF∙b|c]","[""v"", ""s-"", ""s-""]","[""v"", ""s-"", ""s-""]",T4-2,1,,pending,
7331633,Melampyrum sylvaticum,småmarimjelle,v;s-[UF∙b|c],"[""v"", ""s-""]","[""v"", ""s-""]","T4-3,T4-4",2,,pending,
7331633,Melampyrum sylvaticum,småmarimjelle,v;s-[UF∙d|e],"[""v"", ""s-""]","[""v"", ""s-""]","T4-6,T4-7,T4-8",3,,pending,
4118973,Melica nutans,hengeaks,v,"[""v""]","[""v""]",T4-4,1,,pending,
4118973,Melica nutans,hengeaks,v;s+[KA∙f|e],"[""v"", ""s+""]","[""v"", ""s+""]","T4-3,T4-7",2,,pending,
4118973,Melica nutans,hengeaks,v;s-[KA∙h|g],"[""v"", ""s-""]","[""v"", ""s-""]","T4-8,T4-12",2,,pending,
2706196,Milium effusum,myskegras,v,"[""v""]","[""v""]",T4-18,1,,pending,
5282690,Mnium spinosum,strøtornemose,s+[KA∙f|e],"[""s+""]","[""s+""]",T4-3,1,,pending,
3085370,Moehringia trinervia,maurarve,s-[KA·f|e],"[""s-""]","[""s-""]",T4-3,1,,pending,
3085370,Moehringia trinervia,maurarve,s-[KA·h|g],"[""s-""]","[""s-""]","T4-4,T4-8",2,,pending,
5289877,Molinia caerulea,blåtopp,m;v*,"[""m"", ""v*""]","[""m"", ""v*""]",T4-20,1,,pending,
5289877,Molinia caerulea,blåtopp,m;v;s+[UF∙c|b],"[""m"", ""v"", ""s+""]","[""m"", ""v"", ""s+""]",T4-19,1,,pending,
3139040,Mycelis muralis,skogsalat,v;s-[KA∙f|e],"[""v"", ""s-""]","[""v"", ""s-""]",T4-3,1,,pending,
7580531,Neoorthocaulis attenuatus,piskskjeggmose,v,"[""v""]","[""v""]",T4-1,1,,pending,
7653258,Neoorthocaulis floerkei,lyngskjeggmose,"m;v*[O3-O1,SB-NB]","[""m"", ""v*""]","[""m"", ""v*""]","T4-5,T4-6",2,,pending,
7653258,Neoorthocaulis floerkei,lyngskjeggmose,v,"[""v""]","[""v""]","T4-2,T4-9",2,,pending,
7653258,Neoorthocaulis floerkei,lyngskjeggmose,v[O3-O2],"[""v""]","[""v""]",T4-1,1,,pending,
2816176,Neottia nidus-avis,fuglereir,s*[KA·h|g],"[""s*""]","[""s*""]",T4-4,1,,pending,
2816250,Neottia ovata,stortveblad,s*[KA∙h|g],"[""s*""]","[""s*""]","T4-4,T4-18,T4-19",3,,pending,
2689187,Obtusifolium obtusum,buttflik,v,"[""v""]","[""v""]","T4-1,T4-2",2,,pending,
2792588,Ophrys insectifera,flueblom,s*[KA∙h|g],"[""s*""]","[""s*""]","T4-8,T4-12",2,,pending,
2849427,Orchis mascula,vårmarihand,s-[KA∙h|g],"[""s-""]","[""s-""]",T4-4,1,,pending,
2651495,Oreopteris limbosperma,smørtelg,m[O3-O2],"[""m""]","[""m""]",T4-17,1,,pending,
2926612,Origanum vulgare,bergmynte,s-[KA∙h|g],"[""s-""]","[""s-""]","T4-8,T4-12",2,,pending,
2888310,Orthilia secunda,nikkevintergrønn,v,"[""v""]","[""v""]","T4-1,T4-4",2,,pending,
2888310,Orthilia secunda,nikkevintergrønn,v;s+-[UF·c|d],"[""v"", ""s+""]","[""v"", ""s+""]",T4-3,1,,pending,
2888310,Orthilia secunda,nikkevintergrønn,v;s-[KA∙d|c],"[""v"", ""s-""]","[""v"", ""s-""]",T4-2,1,,pending,
2888310,Orthilia secunda,nikkevintergrønn,"v;s-[KA∙d|c],s-[UF·d|e]","[""v"", ""s-"", ""s-""]","[""v"", ""s-"", ""s-""]",T4-6,1,,pending,
2888310,Orthilia secunda,nikkevintergrønn,v;s-[UF·d|e],"[""v"", ""s-""]","[""v"", ""s-""]","T4-7,T4-8",2,,pending,
8211958,Oxalis acetosella,gjøkesyre,v*,"[""v*""]","[""v*""]",T4-17,1,,pending,
8211958,Oxalis acetosella,gjøkesyre,v*;s+[UF·b|c],"[""v*"", ""s+""]","[""v*"", ""s+""]",T4-3,1,,pending,
8211958,Oxalis acetosella,gjøkesyre,"v;s+[KA·d|c],s+[UF·b|c]","[""v"", ""s+"", ""s+""]","[""v"", ""s+"", ""s+""]",T4-2,1,,pending,
8211958,Oxalis acetosella,gjøkesyre,"v;s+[KA·d|c],s+[UF·d|e]","[""v"", ""s+"", ""s+""]","[""v"", ""s+"", ""s+""]",T4-6,1,,pending,
8211958,Oxalis acetosella,gjøkesyre,v;s+[UF·b|c],"[""v"", ""s+""]","[""v"", ""s+""]",T4-4,1,,pending,
8211958,Oxalis acetosella,gjøkesyre,v;s+[UF·d|e],"[""v"", ""s+""]","[""v"", ""s+""]","T4-7,T4-8",2,,pending,
5295911,Paris quadrifolia,firblad,v;s+[KA∙g|f],"[""v"", ""s+""]","[""v"", ""s+""]",T4-18,1,,pending,
5295911,Paris quadrifolia,firblad,v;s+[KA∙h|g],"[""v"", ""s+""]","[""v"", ""s+""]",T4-4,1,,pending,
3032585,Parnassia palustris,jåblom,s+[KA·h|g],"[""s+""]","[""s+""]","T4-19,T4-20",2,,pending,
2651330,Phegopteris connectilis,hengeving,m;v,"[""m"", ""v""]","[""m"", ""v""]",T4-18,1,,pending,
2651330,Phegopteris connectilis,hengeving,m;v*,"[""m"", ""v*""]","[""m"", ""v*""]",T4-17,1,,pending,
2651330,Phegopteris connectilis,hengeving,v;s-[UF·b|c],"[""v"", ""s-""]","[""v"", ""s-""]","T4-2,T4-3,T4-4",3,,pending,
5284884,Picea abies,gran,m*;v,"[""m*"", ""v""]","[""m*"", ""v""]",T4-18,1,,pending,
5284884,Picea abies,gran,m*;v*,"[""m*"", ""v*""]","[""m*"", ""v*""]","T4-1,T4-2,T4-3,T4-4,T4-17,T4-19",6,,pending,
5284884,Picea abies,gran,m*;v*;s-[UF∙d|e],"[""m*"", ""v*"", ""s-""]","[""m*"", ""v*"", ""s-""]","T4-5,T4-6,T4-7",3,,pending,
5284884,Picea abies,gran,m;v*;s-[UF∙d|e],"[""m"", ""v*"", ""s-""]","[""m"", ""v*"", ""s-""]",T4-8,1,,pending,
5284884,Picea abies,gran,v,"[""v""]","[""v""]","T4-9,T4-10,T4-11,T4-12,T4-20",5,,pending,
9458333,Pilosella officinarum,hårsveve,v,"[""v""]","[""v""]",T4-16,1,,pending,
9458333,Pilosella officinarum,hårsveve,"v;[KA∙d|c],s-[UF∙e|d]","[""v"", ""s-""]","[""v"", ""s-""]",T4-10,1,,pending,
9458333,Pilosella officinarum,hårsveve,"v;[KA∙f|e],s-[UF∙e|d]","[""v"", ""s-""]","[""v"", ""s-""]",T4-11,1,,pending,
9458333,Pilosella officinarum,hårsveve,v;s-[KA∙f|e],"[""v"", ""s-""]","[""v"", ""s-""]",T4-15,1,,pending,
9458333,Pilosella officinarum,hårsveve,v;s-[UF∙e|d],"[""v"", ""s-""]","[""v"", ""s-""]",T4-12,1,,pending,
7622278,Pimpinella saxifraga,gjeldkarve,v;s*[KA∙h|g],"[""v"", ""s*""]","[""v"", ""s*""]","T4-12,T4-16",2,,pending,
5285637,Pinus sylvestris,furu,m*;v,"[""m*"", ""v""]","[""m*"", ""v""]",T4-5,1,,pending,
5285637,Pinus sylvestris,furu,m*;v*,"[""m*"", ""v*""]","[""m*"", ""v*""]","T4-7,T4-8,T4-9,T4-10,T4-11,T4-12,T4-13,T4-14,T4-15,T4-16,T4-20",11,,pending,
5285637,Pinus sylvestris,furu,m;v*,"[""m"", ""v*""]","[""m"", ""v*""]","T4-6,T4-19",2,,pending,
5285637,Pinus sylvestris,furu,v,"[""v""]","[""v""]","T4-1,T4-2,T4-3,T4-4",4,,pending,
2688970,Plagiochila asplenioides,prakthinnemose,v*s-[KA∙e|f],"[""v*"", ""s-""]","[""v*"", ""s-""]",T4-17,1,,pending,
2688970,Plagiochila asplenioides,prakthinnemose,v;s*[UF∙d|e],"[""v"", ""s*""]","[""v"", ""s*""]","T4-6,T4-7",2,,pending,
2688970,Plagiochila asplenioides,prakthinnemose,v;s+[UF∙b|c],"[""v"", ""s+""]","[""v"", ""s+""]","T4-1,T4-18",2,,pending,
2688970,Plagiochila asplenioides,prakthinnemose,"v;s-[KA∙e|f],s-[UF∙b|c]","[""v"", ""s-"", ""s-""]","[""v"", ""s-"", ""s-""]",T4-2,1,,pending,
2688970,Plagiochila asplenioides,prakthinnemose,"v;s-[KA∙g|h],s-[UF∙b|c]","[""v"", ""s-"", ""s-""]","[""v"", ""s-"", ""s-""]",T4-3,1,,pending,
2688970,Plagiochila asplenioides,prakthinnemose,v;s-[UF∙b|c],"[""v"", ""s-""]","[""v"", ""s-""]",T4-4,1,,pending,
2677623,Plagiomnium affine,skogfagermose,v,"[""v""]","[""v""]","T4-7,T4-8,T4-17,T4-19,T4-20",5,,pending,
2677623,Plagiomnium affine,skogfagermose,v;s-[KA∙f|e],"[""v"", ""s-""]","[""v"", ""s-""]",T4-18,1,,pending,
2677623,Plagiomnium affine,skogfagermose,"v;s-[KA∙f|e],s-[UF·b|c]","[""v"", ""s-"", ""s-""]","[""v"", ""s-"", ""s-""]",T4-3,1,,pending,
2677623,Plagiomnium affine,skogfagermose,v;s-[UF·b|c],"[""v"", ""s-""]","[""v"", ""s-""]","T4-2,T4-4",2,,pending,
5283502,Plagiothecium laetum,glansjamnemose,v,"[""v""]","[""v""]","T4-2,T4-5",2,,pending,
5283502,Plagiothecium laetum,glansjamnemose,"v*;s-[UF∙b|c],s-[KA∙c|d]","[""v*"", ""s-"", ""s-""]","[""v*"", ""s-"", ""s-""]",T4-1,1,,pending,
5710930,Plagiothecium undulatum,kystjamnemose,v[O3–O1],"[""v""]","[""v""]",T4-5,1,,pending,
5710930,Plagiothecium undulatum,kystjamnemose,"v[O3–O1],s-[UF∙b|c]","[""v"", ""s-""]","[""v"", ""s-""]",T4-1,1,,pending,
3189747,Plantago media,dunkjempe,s+[KA∙h|g],"[""s+""]","[""s+""]","T4-8,T4-12",2,,pending,
9213153,Platanthera bifolia,nattfiol,v;s-[KA∙f|e],"[""v"", ""s-""]","[""v"", ""s-""]",T4-3,1,,pending,
2797913,Platanthera chlorantha,grov nattfiol,s-[KA∙f|e],"[""s-""]","[""s-""]","T4-3,T4-4",2,,pending,
2679715,Pleurozium schreberi,furumose,m*;v*;s-[UF∙f|g],"[""m*"", ""v*"", ""s-""]","[""m*"", ""v*"", ""s-""]","T4-9,T4-10",2,,pending,
2679715,Pleurozium schreberi,furumose,m;v*,"[""m"", ""v*""]","[""m"", ""v*""]","T4-5,T4-6",2,,pending,
2679715,Pleurozium schreberi,furumose,m;v*;s-[UF∙c|b],"[""m"", ""v*"", ""s-""]","[""m"", ""v*"", ""s-""]","T4-7,T4-8",2,,pending,
2679715,Pleurozium schreberi,furumose,m;v*;s-[UF∙f|g],"[""m"", ""v*"", ""s-""]","[""m"", ""v*"", ""s-""]","T4-11,T4-12",2,,pending,
2679715,Pleurozium schreberi,furumose,v,"[""v""]","[""v""]","T4-4,T4-15,T4-16,T4-17,T4-19,T4-20",6,,pending,
2679715,Pleurozium schreberi,furumose,v*,"[""v*""]","[""v*""]","T4-1,T4-13",2,,pending,
2679715,Pleurozium schreberi,furumose,v*;m,"[""v*"", ""m""]","[""v*"", ""m""]",T4-14,1,,pending,
2679715,Pleurozium schreberi,furumose,v*;s-[KA∙e|f],"[""v*"", ""s-""]","[""v*"", ""s-""]",T4-2,1,,pending,
2679715,Pleurozium schreberi,furumose,v*;s-[KA∙g|h],"[""v*"", ""s-""]","[""v*"", ""s-""]",T4-3,1,,pending,
2704300,Poa nemoralis,lundrapp,"v;s+[KA∙f|e],s+[UF·b|c]","[""v"", ""s+"", ""s+""]","[""v"", ""s+"", ""s+""]",T4-3,1,,pending,
2704300,Poa nemoralis,lundrapp,v;s-[UF·b|c],"[""v"", ""s-""]","[""v"", ""s-""]",T4-4,1,,pending,
5282610,Pohlia nutans,vegnikke,"v;s-[KA·c|d],s-[UF·e|d]","[""v"", ""s-"", ""s-""]","[""v"", ""s-"", ""s-""]",T4-9,1,,pending,
5282610,Pohlia nutans,vegnikke,"v;s-[KA·c|d],s-[UF·g|f]","[""v"", ""s-"", ""s-""]","[""v"", ""s-"", ""s-""]",T4-13,1,,pending,
5282610,Pohlia nutans,vegnikke,"v;s-[KA·e|f],s-[UF·g|f]","[""v"", ""s-"", ""s-""]","[""v"", ""s-"", ""s-""]",T4-14,1,,pending,
2927850,Polemonium caeruleum,fjellflokk,,,,T4-18,1,,pending,
3191374,Polygala vulgaris,storblåfjær,s+[UF∙e|d],"[""s+""]","[""s+""]",T4-20,1,,pending,
3191374,Polygala vulgaris,storblåfjær,v,"[""v""]","[""v""]",T4-12,1,,pending,
2770228,Polygonatum odoratum,kantkonvall,s+[KA∙g|f],"[""s+""]","[""s+""]",T4-15,1,,pending,
2770228,Polygonatum odoratum,kantkonvall,"s+[KA∙h|g],s-[UF·e|d]","[""s+"", ""s-""]","[""s+"", ""s-""]",T4-12,1,,pending,
2770228,Polygonatum odoratum,kantkonvall,v*;s+[KA∙h|g],"[""v*"", ""s+""]","[""v*"", ""s+""]",T4-16,1,,pending,
2770004,Polygonatum verticillatum,kranskonvall,s+[KA·f|e],"[""s+""]","[""s+""]",T4-18,1,,pending,
5274951,Polypodium vulgare,sisselrot,v;s-[UF∙g|f],"[""v"", ""s-""]","[""v"", ""s-""]","T4-14,T4-15",2,,pending,
7319269,Polystichum aculeatum,falkbregne,s-[KA·h|g],"[""s-""]","[""s-""]",T4-4,1,,pending,
2651092,Polystichum braunii,junkerbregne,s-[KA·h|g],"[""s-""]","[""s-""]",T4-4,1,,pending,
2651113,Polystichum lonchitis,taggbregne,s-[KA·h|g],"[""s-""]","[""s-""]",T4-4,1,,pending,
2683084,Polytrichum commune,storbjørnemose,v,"[""v""]","[""v""]","T4-5,T4-9",2,,pending,
4280088,Polytrichum formosum,kystbjørnemose,v,"[""v""]","[""v""]",T4-1,1,,pending,
4280088,Polytrichum formosum,kystbjørnemose,v;s-[KA·e|f],"[""v"", ""s-""]","[""v"", ""s-""]",T4-2,1,,pending,
2683092,Polytrichum juniperinum,einerbjørnemose,v,"[""v""]","[""v""]","T4-14,T4-15,T4-16",3,,pending,
2683092,Polytrichum juniperinum,einerbjørnemose,v*,"[""v*""]","[""v*""]",T4-13,1,,pending,
2683092,Polytrichum juniperinum,einerbjørnemose,v;s-[UF·e|d],"[""v"", ""s-""]","[""v"", ""s-""]","T4-9,T4-10,T4-11,T4-12",4,,pending,
2683058,Polytrichum piliferum,rabbebjørnemose,s*[UF·g|f],"[""s*""]","[""s*""]",T4-15,1,,pending,
2683058,Polytrichum piliferum,rabbebjørnemose,s*[UF∙g|f],"[""s*""]","[""s*""]","T4-13,T4-14",2,,pending,
8011540,Potentilla argentea,sølvmure,,,,T4-15,1,,pending,
8285546,Potentilla crantzii,flekkmure,v;s+[KA∙h|g],"[""v"", ""s+""]","[""v"", ""s+""]",T4-12,1,,pending,
5365576,Potentilla erecta,tepperot,v,"[""v""]","[""v""]",T4-19,1,,pending,
5365576,Potentilla erecta,tepperot,v*,"[""v*""]","[""v*""]",T4-20,1,,pending,
8144051,Primula vulgaris,kusymre,s-[KA∙f|e],"[""s-""]","[""s-""]","T4-3,T4-4",2,,pending,
3020791,Prunus avium,morell,v,"[""v""]","[""v""]","T4-4,T4-8",2,,pending,
5275012,Pteridium aquilinum,einstape,v,"[""v""]","[""v""]","T4-6,T4-7,T4-8",3,,pending,
2688706,Ptilidium ciliare,bakkefrynse,v,"[""v""]","[""v""]","T4-1,T4-5,T4-9,T4-13",4,,pending,
2688706,Ptilidium ciliare,bakkefrynse,v;s-[KA·e|f],"[""v"", ""s-""]","[""v"", ""s-""]","T4-2,T4-6,T4-10",3,,pending,
5283780,Ptilium crista-castrensis,fjærmose,v,"[""v""]","[""v""]","T4-2,T4-3,T4-5,T4-6,T4-7,T4-17",6,,pending,
5283780,Ptilium crista-castrensis,fjærmose,v*,"[""v*""]","[""v*""]",T4-1,1,,pending,
5283780,Ptilium crista-castrensis,fjærmose,v;s+[KA·e|f],"[""v"", ""s+""]","[""v"", ""s+""]","T4-9,T4-10,T4-11",3,,pending,
3928615,Pulsatilla vernalis,mogop,"s+[KA∙e|d],s+[UF·e|d]","[""s+"", ""s+""]","[""s+"", ""s+""]",T4-10,1,,pending,
3928615,Pulsatilla vernalis,mogop,s+[UF·e|d],"[""s+""]","[""s+""]",T4-11,1,,pending,
2888272,Pyrola minor,perlevintergrønn,s-[KA∙e|d],"[""s-""]","[""s-""]",T4-2,1,,pending,
2888272,Pyrola minor,perlevintergrønn,v,"[""v""]","[""v""]",T4-4,1,,pending,
2888272,Pyrola minor,perlevintergrønn,v;s+[KA∙f|e],"[""v"", ""s+""]","[""v"", ""s+""]",T4-18,1,,pending,
2888272,Pyrola minor,perlevintergrønn,v;s-[KA∙f|e],"[""v"", ""s-""]","[""v"", ""s-""]",T4-3,1,,pending,
2888272,Pyrola minor,perlevintergrønn,v;s-[UF∙c|d],"[""v"", ""s-""]","[""v"", ""s-""]","T4-7,T4-8",2,,pending,
2673622,Racomitrium lanuginosum,heigråmose,"m[O3-O2],v[O2–O3]","[""m"", ""v""]","[""m"", ""v""]",T4-9,1,,pending,
2673622,Racomitrium lanuginosum,heigråmose,"m[O3–O2],v*[O3–O2]","[""m"", ""v*""]","[""m"", ""v*""]","T4-10,T4-13,T4-14",3,,pending,
3033363,Ranunculus acris,bakkesoleie,v;s-[KA∙f|e],"[""v"", ""s-""]","[""v"", ""s-""]",T4-18,1,,pending,
3039491,Rhamnus cathartica,geitved,v;s*[KA∙h|g],"[""v"", ""s*""]","[""v"", ""s*""]",T4-12,1,,pending,
5282529,Rhodobryum roseum,rosettmose,v;s-[KA∙f|e],"[""v"", ""s-""]","[""v"", ""s-""]","T4-3,T4-18",2,,pending,
2679711,Rhytidiadelphus loreus,kystkransmose,"m[O3–O2],v[O3–O1]","[""m"", ""v""]","[""m"", ""v""]",T4-1,1,,pending,
2679711,Rhytidiadelphus loreus,kystkransmose,v[O3–O1],"[""v""]","[""v""]",T4-5,1,,pending,
7871586,Rhytidiadelphus subpinnatus,fjærkransmose,v,"[""v""]","[""v""]",T4-17,1,,pending,
7871586,Rhytidiadelphus subpinnatus,fjærkransmose,v*,"[""v*""]","[""v*""]",T4-18,1,,pending,
7871586,Rhytidiadelphus subpinnatus,fjærkransmose,v;s-[KA∙d|c],"[""v"", ""s-""]","[""v"", ""s-""]",T4-2,1,,pending,
7871586,Rhytidiadelphus subpinnatus,fjærkransmose,v;s-[UF∙b|c],"[""v"", ""s-""]","[""v"", ""s-""]","T4-1,T4-3",2,,pending,
7871586,Rhytidiadelphus subpinnatus,fjærkransmose,v;s-[UF∙d|e],"[""v"", ""s-""]","[""v"", ""s-""]",T4-6,1,,pending,
2679713,Rhytidium rugosum,labbmose,v;s+[KA∙h|g],"[""v"", ""s+""]","[""v"", ""s+""]","T4-12,T4-16",2,,pending,
3002263,Rosa majalis,kanelrose,s+[KA∙h|g],"[""s+""]","[""s+""]","T4-8,T4-12,T4-16",3,,pending,
2992808,Rubus saxatilis,teiebær,s*[KA∙d|c],"[""s*""]","[""s*""]","T4-2,T4-10",2,,pending,
2992808,Rubus saxatilis,teiebær,v,"[""v""]","[""v""]","T4-3,T4-7,T4-16",3,,pending,
2992808,Rubus saxatilis,teiebær,v*,"[""v*""]","[""v*""]","T4-4,T4-8",2,,pending,
2992808,Rubus saxatilis,teiebær,v;s*[KA∙d|c],"[""v"", ""s*""]","[""v"", ""s*""]",T4-6,1,,pending,
2992808,Rubus saxatilis,teiebær,v;s-[KA∙f|e],"[""v"", ""s-""]","[""v"", ""s-""]",T4-15,1,,pending,
2992808,Rubus saxatilis,teiebær,v;s-[UF∙f|g],"[""v"", ""s-""]","[""v"", ""s-""]","T4-11,T4-12",2,,pending,
2888995,Rumex acetosella,småsyre,"s-[KA∙d|c],s-[UF∙e|d]","[""s-"", ""s-""]","[""s-"", ""s-""]",T4-10,1,,pending,
2888995,Rumex acetosella,småsyre,s-[KA∙f|e],"[""s-""]","[""s-""]",T4-15,1,,pending,
2888995,Rumex acetosella,småsyre,s-[UF∙e|d],"[""s-""]","[""s-""]",T4-11,1,,pending,
7266759,Salix starkeana,blåvier,s*[KA∙h|g],"[""s*""]","[""s*""]",T4-15,1,,pending,
6027128,Sanicula europaea,sanikel,s+[KA·g|f],"[""s+""]","[""s+""]",T4-3,1,,pending,
6027128,Sanicula europaea,sanikel,v,"[""v""]","[""v""]",T4-4,1,,pending,
4126109,Schedonorus giganteus,kjempesvingel,s*[KA·f|e],"[""s*""]","[""s*""]","T4-3,T4-4",2,,pending,
7493910,Sciuro-hypnum reflexum,sprikelundmose,v,"[""v""]","[""v""]",T4-17,1,,pending,
7493910,Sciuro-hypnum reflexum,sprikelundmose,v*,"[""v*""]","[""v*""]",T4-18,1,,pending,
7493910,Sciuro-hypnum reflexum,sprikelundmose,v*;s-[UF∙b|c],"[""v*"", ""s-""]","[""v*"", ""s-""]",T4-3,1,,pending,
7493910,Sciuro-hypnum reflexum,sprikelundmose,v;s-[UF∙b|c],"[""v"", ""s-""]","[""v"", ""s-""]","T4-1,T4-2",2,,pending,
7430843,Sciuro-hypnum starkei,strølundmose,s+[KA·d|c],"[""s+""]","[""s+""]",T4-17,1,,pending,
3170886,Scrophularia nodosa,brunrot,s-[KA·g|f],"[""s-""]","[""s-""]",T4-3,1,,pending,
3170886,Scrophularia nodosa,brunrot,s-[KA·h|g],"[""s-""]","[""s-""]",T4-4,1,,pending,
5362007,Sedum acre,bitterbergknapp,v;s+[UF∙g|f],"[""v"", ""s+""]","[""v"", ""s+""]","T4-15,T4-16",2,,pending,
5362008,Sedum album,hvitbergknapp,s*[KA∙g|f],"[""s*""]","[""s*""]",T4-15,1,,pending,
5362008,Sedum album,hvitbergknapp,s-[KA∙h|g],"[""s-""]","[""s-""]",T4-16,1,,pending,
5384795,Silene dioica,rød jonsokblom,v;s-[KA·e|d],"[""v"", ""s-""]","[""v"", ""s-""]","T4-2,T4-17",2,,pending,
5384795,Silene dioica,rød jonsokblom,v;s-[KA·f|e],"[""v"", ""s-""]","[""v"", ""s-""]","T4-3,T4-4,T4-18",3,,pending,
6446462,Solidago virgaurea,gullris,v,"[""v""]","[""v""]","T4-3,T4-4,T4-10,T4-17,T4-18,T4-19,T4-20",7,,pending,
6446462,Solidago virgaurea,gullris,"v;s-[KA∙d|c],s-[UF∙b|c]","[""v"", ""s-"", ""s-""]","[""v"", ""s-"", ""s-""]",T4-2,1,,pending,
6446462,Solidago virgaurea,gullris,"v;s-[KA∙d|c],s-[UF∙d|e]","[""v"", ""s-"", ""s-""]","[""v"", ""s-"", ""s-""]",T4-6,1,,pending,
6446462,Solidago virgaurea,gullris,"v;s-[KA∙f|e],s-[UF∙d|e]","[""v"", ""s-"", ""s-""]","[""v"", ""s-"", ""s-""]",T4-7,1,,pending,
6446462,Solidago virgaurea,gullris,"v;s-[KA∙f|e],s-[UF∙f|g]","[""v"", ""s-"", ""s-""]","[""v"", ""s-"", ""s-""]",T4-11,1,,pending,
6446462,Solidago virgaurea,gullris,v;s-[UF∙b|c],"[""v"", ""s-""]","[""v"", ""s-""]",T4-1,1,,pending,
6446462,Solidago virgaurea,gullris,v;s-[UF∙d|e],"[""v"", ""s-""]","[""v"", ""s-""]",T4-8,1,,pending,
6446462,Solidago virgaurea,gullris,v;s-[UF∙f|g],"[""v"", ""s-""]","[""v"", ""s-""]",T4-12,1,,pending,
3012167,Sorbus aucuparia,rogn,v,"[""v""]","[""v""]","T4-5,T4-10,T4-16,T4-19,T4-20",5,,pending,
3012167,Sorbus aucuparia,rogn,v*,"[""v*""]","[""v*""]","T4-1,T4-2,T4-3,T4-4,T4-6,T4-7,T4-8,T4-11,T4-12,T4-17,T4-18",11,,pending,
8227194,Sphagnum capillifolium,furutorvmose,v,"[""v""]","[""v""]","T4-9,T4-13",2,,pending,
2669241,Sphagnum girgensohnii,grantorvmose,m;v,"[""m"", ""v""]","[""m"", ""v""]",T4-1,1,,pending,
2669241,Sphagnum girgensohnii,grantorvmose,v,"[""v""]","[""v""]","T4-2,T4-5,T4-17",3,,pending,
2669139,Sphagnum quinquefarium,lyngtorvmose,v,"[""v""]","[""v""]","T4-1,T4-5,T4-9",3,,pending,
2669139,Sphagnum quinquefarium,lyngtorvmose,v;s-[KA∙e|f],"[""v"", ""s-""]","[""v"", ""s-""]",T4-6,1,,pending,
2668970,Sphagnum russowii,tvaretorvmose,v,"[""v""]","[""v""]","T4-1,T4-5",2,,pending,
2927282,Stachys sylvatica,skogsvinerot,s*[KA∙f|e],"[""s*""]","[""s*""]",T4-18,1,,pending,
6363434,Stellaria nemorum,skogstjerneblom,"s-[KA·f|e],s-[KI·b|a]","[""s-"", ""s-""]","[""s-"", ""s-""]",T4-18,1,,pending,
2608513,Stereocaulon,saltlav,v,"[""v""]","[""v""]","T4-13,T4-14",2,,pending,
2888811,Succisa pratensis,blåknapp,v;s+[UF·c|b],"[""v"", ""s+""]","[""v"", ""s+""]",T4-19,1,,pending,
2888811,Succisa pratensis,blåknapp,v;s-[UF·e|d],"[""v"", ""s-""]","[""v"", ""s-""]",T4-20,1,,pending,
5341443,Thymus pulegioides,bakketimian,s*[KA∙h|g],"[""s*""]","[""s*""]",T4-16,1,,pending,
2671369,Tortella tortuosa,putevrimose,v;s+[KA·h|g],"[""v"", ""s+""]","[""v"", ""s+""]","T4-12,T4-16",2,,pending,
2671369,Tortella tortuosa,putevrimose,v;s-[KA·h|g],"[""v"", ""s-""]","[""v"", ""s-""]",T4-8,1,,pending,
7506619,Trilophozia quinquedentata,storhoggtann,v,"[""v""]","[""v""]",T4-1,1,,pending,
3033289,Trollius europaeus,ballblom,m[N],"[""m""]","[""m""]",T4-18,1,,pending,
2882833,Vaccinium myrtillus,blåbær,m*;v*,"[""m*"", ""v*""]","[""m*"", ""v*""]","T4-1,T4-2,T4-5,T4-6",4,,pending,
2882833,Vaccinium myrtillus,blåbær,m;v*,"[""m"", ""v*""]","[""m"", ""v*""]",T4-17,1,,pending,
2882833,Vaccinium myrtillus,blåbær,s+[UF∙f|g],"[""s+""]","[""s+""]",T4-12,1,,pending,
2882833,Vaccinium myrtillus,blåbær,v,"[""v""]","[""v""]","T4-4,T4-8,T4-18,T4-19",4,,pending,
2882833,Vaccinium myrtillus,blåbær,v*,"[""v*""]","[""v*""]",T4-7,1,,pending,
2882833,Vaccinium myrtillus,blåbær,v*;s+[UF∙f|g],"[""v*"", ""s+""]","[""v*"", ""s+""]","T4-9,T4-10",2,,pending,
2882833,Vaccinium myrtillus,blåbær,v*;s-[KA·g|h],"[""v*"", ""s-""]","[""v*"", ""s-""]",T4-3,1,,pending,
2882833,Vaccinium myrtillus,blåbær,v;s+[UF∙f|g],"[""v"", ""s+""]","[""v"", ""s+""]",T4-11,1,,pending,
8073364,Vaccinium uliginosum,blokkebær,"v;s-[KA·c|d],t¤[UF·ef]","[""v"", ""s-"", ""t""]","[""v"", ""s-"", ""t""]",T4-9,1,,pending,
2882835,Vaccinium vitis-idaea,tyttebær,m;v*,"[""m"", ""v*""]","[""m"", ""v*""]","T4-13,T4-16",2,,pending,
2882835,Vaccinium vitis-idaea,tyttebær,m;v*;s-[UF·c|b],"[""m"", ""v*"", ""s-""]","[""m"", ""v*"", ""s-""]","T4-5,T4-6",2,,pending,
2882835,Vaccinium vitis-idaea,tyttebær,m;v*;s-[UF·f|g],"[""m"", ""v*"", ""s-""]","[""m"", ""v*"", ""s-""]","T4-9,T4-10,T4-11,T4-12",4,,pending,
2882835,Vaccinium vitis-idaea,tyttebær,v,"[""v""]","[""v""]","T4-18,T4-20",2,,pending,
2882835,Vaccinium vitis-idaea,tyttebær,v*,"[""v*""]","[""v*""]","T4-1,T4-2,T4-14,T4-15",4,,pending,
2882835,Vaccinium vitis-idaea,tyttebær,v*;s-[UF·c|b],"[""v*"", ""s-""]","[""v*"", ""s-""]","T4-7,T4-8",2,,pending,
2882835,Vaccinium vitis-idaea,tyttebær,v;s-[KA·e|f],"[""v"", ""s-""]","[""v"", ""s-""]",T4-17,1,,pending,
2882835,Vaccinium vitis-idaea,tyttebær,v;s-[UF·c|d],"[""v"", ""s-""]","[""v"", ""s-""]",T4-19,1,,pending,
2888741,Valeriana sambucifolia,vendelrot,v;s+[KA∙f|e],"[""v"", ""s+""]","[""v"", ""s+""]",T4-18,1,,pending,
7874883,Veronica chamaedrys,tveskjeggveronika,v,"[""v""]","[""v""]",T4-4,1,,pending,
7874883,Veronica chamaedrys,tveskjeggveronika,v;s-[KA∙f|e],"[""v"", ""s-""]","[""v"", ""s-""]",T4-3,1,,pending,
3172049,Veronica officinalis,legeveronika,v,"[""v""]","[""v""]","T4-4,T4-8",2,,pending,
3172049,Veronica officinalis,legeveronika,v;s*[KA∙d|c],"[""v"", ""s*""]","[""v"", ""s*""]",T4-2,1,,pending,
3172049,Veronica officinalis,legeveronika,v;s-[KA∙f|e],"[""v"", ""s-""]","[""v"", ""s-""]","T4-3,T4-7,T4-18",3,,pending,
3172049,Veronica officinalis,legeveronika,"v;s-[KA∙f|e],s-[UF∙f|g]","[""v"", ""s-"", ""s-""]","[""v"", ""s-"", ""s-""]",T4-11,1,,pending,
3172049,Veronica officinalis,legeveronika,v;s-[UF∙f|g],"[""v"", ""s-""]","[""v"", ""s-""]",T4-12,1,,pending,
2888605,Viburnum opulus,korsved,v,"[""v""]","[""v""]","T4-4,T4-8",2,,pending,
2888605,Viburnum opulus,korsved,v;s-[KA·f|e],"[""v"", ""s-""]","[""v"", ""s-""]",T4-3,1,,pending,
2888605,Viburnum opulus,korsved,"v;s-[KA∙gf|f],s-[UF∙f|g]","[""v"", ""s-"", ""s-""]","[""v"", ""s-"", ""s-""]",T4-12,1,,pending,
2974786,Vicia sepium,gjerdevikke,v;s-[KA∙f|e],"[""v"", ""s-""]","[""v"", ""s-""]",T4-3,1,,pending,
2974786,Vicia sepium,gjerdevikke,v;s-[KA∙h|g],"[""v"", ""s-""]","[""v"", ""s-""]",T4-4,1,,pending,
2974793,Vicia sylvatica,skogvikke,s*[KA·f|e],"[""s*""]","[""s*""]","T4-3,T4-7",2,,pending,
2974793,Vicia sylvatica,skogvikke,s-[UF·c|b],"[""s-""]","[""s-""]",T4-8,1,,pending,
2974793,Vicia sylvatica,skogvikke,s-[UF·f|g],"[""s-""]","[""s-""]",T4-12,1,,pending,
5331325,Viola biflora,fjellfiol,s+[KA·f|e],"[""s+""]","[""s+""]",T4-18,1,,pending,
7296247,Viola collina,bakkefiol,s-[KA∙h|g],"[""s-""]","[""s-""]","T4-8,T4-12",2,,pending,
7296247,Viola collina,bakkefiol,v;s-[KA∙h|g],"[""v"", ""s-""]","[""v"", ""s-""]",T4-4,1,,pending,
5331268,Viola mirabilis,krattfiol,v;s+[KA∙h|g],"[""v"", ""s+""]","[""v"", ""s+""]",T4-4,1,,pending,
7296321,Viola riviniana,skogfiol,"s+[KA∙e|d],s-[UF·b|c]","[""s+"", ""s-""]","[""s+"", ""s-""]",T4-2,1,,pending,
7296321,Viola riviniana,skogfiol,s-[UF∙g|h],"[""s-""]","[""s-""]",T4-16,1,,pending,
7296321,Viola riviniana,skogfiol,v,"[""v""]","[""v""]",T4-8,1,,pending,
7296321,Viola riviniana,skogfiol,"v*;s+[KA∙f|e],s-[UF·b|c]","[""v*"", ""s+"", ""s-""]","[""v*"", ""s+"", ""s-""]",T4-3,1,,pending,
7296321,Viola riviniana,skogfiol,v*;s-[UF·b|c],"[""v*"", ""s-""]","[""v*"", ""s-""]",T4-4,1,,pending,
7296321,Viola riviniana,skogfiol,v;s+[KA∙f|e],"[""v"", ""s+""]","[""v"", ""s+""]",T4-7,1,,pending,
7296321,Viola riviniana,skogfiol,"v;s+[KA∙f|e],s-[UF∙f|g]","[""v"", ""s+"", ""s-""]","[""v"", ""s+"", ""s-""]",T4-11,1,,pending,
7296321,Viola riviniana,skogfiol,v;s-[UF∙f|g],"[""v"", ""s-""]","[""v"", ""s-""]",T4-12,1,,pending,
7296242,Viola rupestris,grusfiol,v;s+[KA∙h|g],"[""v"", ""s+""]","[""v"", ""s+""]",T4-12,1,,pending,
